firstSeen	indlaesningsId	zipUrl	member	sha256	bytes
2026-09-27T14:22:20.666Z	AaAAbrliGoi-ArBCe7OR	http://regnskaber.virk.dk/61150582/amNsb3VkczovLzAzL2EwL2I4LzYyLzBjLzZkZGItNGE0NC04YjYxLWIxMmRlNTMwYmU2MA.zip	PAND-2026-06-30-en/xbrl.pandoragroup.com/2026-06-30/PAND-2026-06-30_cal.xml	f43b3bc4fcfe3e7c6389119c0c120285ca32df4bea2cbae98ee6ec9106671a08	54552
2026-09-27T14:22:20.666Z	AaAAbrliGoi-ArBCe7OR	http://regnskaber.virk.dk/61150582/amNsb3VkczovLzAzL2EwL2I4LzYyLzBjLzZkZGItNGE0NC04YjYxLWIxMmRlNTMwYmU2MA.zip	PAND-2026-06-30-en/xbrl.pandoragroup.com/2026-06-30/PAND-2026-06-30_def.xml	3b435289900c8dceb4452b36d261bf7c7f60222228ea1f0589f01abf7001d338	77805
2026-09-27T14:22:20.666Z	AaAAbrliGoi-ArBCe7OR	http://regnskaber.virk.dk/61150582/amNsb3VkczovLzAzL2EwL2I4LzYyLzBjLzZkZGItNGE0NC04YjYxLWIxMmRlNTMwYmU2MA.zip	PAND-2026-06-30-en/xbrl.pandoragroup.com/2026-06-30/PAND-2026-06-30_pre.xml	5a8de0fa056d5b698c45f12106c527ac19c9152edbd4f81fa5e61042a3b1a94c	89146
2026-09-27T14:22:20.666Z	AaAAbrliGoi-ArBCe7OR	http://regnskaber.virk.dk/61150582/amNsb3VkczovLzAzL2EwL2I4LzYyLzBjLzZkZGItNGE0NC04YjYxLWIxMmRlNTMwYmU2MA.zip	PAND-2026-06-30-en/xbrl.pandoragroup.com/2026-06-30/PAND-2026-06-30_lab-en.xml	fbcf0b509e1eb4a66539b0c47238c2e109305bbf0fa5e2cd899eb74ac70e7f0e	17582
2026-09-27T14:22:20.666Z	AaAAbrliGoi-ArBCe7OR	http://regnskaber.virk.dk/61150582/amNsb3VkczovLzAzL2EwL2I4LzYyLzBjLzZkZGItNGE0NC04YjYxLWIxMmRlNTMwYmU2MA.zip	PAND-2026-06-30-en/xbrl.pandoragroup.com/2026-06-30/PAND-2026-06-30_ref.xml	14359947e68fb7ff5bf6705b791f6f7fbb7eb1eae6dc19b0d78d6e7672e2a5ef	414
2026-09-27T14:22:20.666Z	AaAAbrliGoi-ArBCe7OR	http://regnskaber.virk.dk/61150582/amNsb3VkczovLzAzL2EwL2I4LzYyLzBjLzZkZGItNGE0NC04YjYxLWIxMmRlNTMwYmU2MA.zip	PAND-2026-06-30-en/xbrl.pandoragroup.com/2026-06-30/PAND-2026-06-30.xsd	607b9a648b7a4ad432ca5c2cbab48d7b658a882360567f2a88a853ecae01c90d	7393
2026-09-27T14:22:20.666Z	AaAAbrliGoi-ArBCe7OR	http://regnskaber.virk.dk/61150582/amNsb3VkczovLzAzL2EwL2I4LzYyLzBjLzZkZGItNGE0NC04YjYxLWIxMmRlNTMwYmU2MA.zip	PAND-2026-06-30-en/META-INF/catalog.xml	d9082e459f8f264a2dce5f4275b4cde2e54dccf60d5976d5cd27963f6a4474c5	383
2026-09-27T14:22:20.666Z	AaAAbrliGoi-ArBCe7OR	http://regnskaber.virk.dk/61150582/amNsb3VkczovLzAzL2EwL2I4LzYyLzBjLzZkZGItNGE0NC04YjYxLWIxMmRlNTMwYmU2MA.zip	PAND-2026-06-30-en/META-INF/taxonomyPackage.xml	3a4209e0effa5be485e84e9f23fef012ee1df5923e27befc1369cca06162578a	1322
2026-09-27T14:22:20.666Z	AZ4HLRm2WxPfyaL50P30	http://regnskaber.virk.dk/61150582/amNsb3VkczovLzAzL2I5LzI0LzAzLzY4LzA3NjQtNDliMS1hZjRjLTlkYmZjNjJkOTEwYw.zip	PAND-2026-03-31-en/xbrl.pandoragroup.com/2026-03-31/PAND-2026-03-31_cal.xml	1240a192d62d2f26783c53ab07c6ce6c8e3d722b84caacc7a98948faab25c94b	54552
2026-09-27T14:22:20.666Z	AZ4HLRm2WxPfyaL50P30	http://regnskaber.virk.dk/61150582/amNsb3VkczovLzAzL2I5LzI0LzAzLzY4LzA3NjQtNDliMS1hZjRjLTlkYmZjNjJkOTEwYw.zip	PAND-2026-03-31-en/xbrl.pandoragroup.com/2026-03-31/PAND-2026-03-31_def.xml	6b9204dd493ad4a983d6856a0f32cbd2c9667d17548eee9439e615b8ab48315b	77259
2026-09-27T14:22:20.666Z	AZ4HLRm2WxPfyaL50P30	http://regnskaber.virk.dk/61150582/amNsb3VkczovLzAzL2I5LzI0LzAzLzY4LzA3NjQtNDliMS1hZjRjLTlkYmZjNjJkOTEwYw.zip	PAND-2026-03-31-en/xbrl.pandoragroup.com/2026-03-31/PAND-2026-03-31_pre.xml	6fd0e9aff93827fb7a4d44053d683622bcd6073fa1031af10c726f17ef97ae6f	89106
2026-09-27T14:22:20.666Z	AZ4HLRm2WxPfyaL50P30	http://regnskaber.virk.dk/61150582/amNsb3VkczovLzAzL2I5LzI0LzAzLzY4LzA3NjQtNDliMS1hZjRjLTlkYmZjNjJkOTEwYw.zip	PAND-2026-03-31-en/xbrl.pandoragroup.com/2026-03-31/PAND-2026-03-31_lab-en.xml	6f9810eeef2a8be3a7a622facf7e7febc590e35b8d26d0b4d63ee1d8639d2c94	17582
2026-09-27T14:22:20.666Z	AZ4HLRm2WxPfyaL50P30	http://regnskaber.virk.dk/61150582/amNsb3VkczovLzAzL2I5LzI0LzAzLzY4LzA3NjQtNDliMS1hZjRjLTlkYmZjNjJkOTEwYw.zip	PAND-2026-03-31-en/xbrl.pandoragroup.com/2026-03-31/PAND-2026-03-31_ref.xml	14359947e68fb7ff5bf6705b791f6f7fbb7eb1eae6dc19b0d78d6e7672e2a5ef	414
2026-09-27T14:22:20.666Z	AZ4HLRm2WxPfyaL50P30	http://regnskaber.virk.dk/61150582/amNsb3VkczovLzAzL2I5LzI0LzAzLzY4LzA3NjQtNDliMS1hZjRjLTlkYmZjNjJkOTEwYw.zip	PAND-2026-03-31-en/xbrl.pandoragroup.com/2026-03-31/PAND-2026-03-31.xsd	760944a72a6f6552d2cdb6f02ddcd195ef4c491d66f20d06ad3ebaee02fee920	7393
2026-09-27T14:22:20.666Z	AZ4HLRm2WxPfyaL50P30	http://regnskaber.virk.dk/61150582/amNsb3VkczovLzAzL2I5LzI0LzAzLzY4LzA3NjQtNDliMS1hZjRjLTlkYmZjNjJkOTEwYw.zip	PAND-2026-03-31-en/META-INF/catalog.xml	5e3f8060b8ecc27e59a3182180298f86062fd150e935240e44d455156f288d05	383
2026-09-27T14:22:20.666Z	AZ4HLRm2WxPfyaL50P30	http://regnskaber.virk.dk/61150582/amNsb3VkczovLzAzL2I5LzI0LzAzLzY4LzA3NjQtNDliMS1hZjRjLTlkYmZjNjJkOTEwYw.zip	PAND-2026-03-31-en/META-INF/taxonomyPackage.xml	f5f5fb91106523db96019d957df212ed6fe4225979c231a7fe7f46ce4bc03dfc	1322
2026-09-27T14:22:20.666Z	AZzhNQpHUOE-jG7uJQ0z	http://regnskaber.virk.dk/61150582/amNsb3VkczovLzAzLzI5LzMxL2QwL2VmLzEyZmMtNDI1ZS04NmFlLTFhYjNjYWJmNzI1NQ.zip	PAND-2025-12-31-en/META-INF/catalog.xml	082fec50d63cfac25438113d668182e28b182fcf341114cca633b7b8cae34335	383
2026-09-27T14:22:20.666Z	AZzhNQpHUOE-jG7uJQ0z	http://regnskaber.virk.dk/61150582/amNsb3VkczovLzAzLzI5LzMxL2QwL2VmLzEyZmMtNDI1ZS04NmFlLTFhYjNjYWJmNzI1NQ.zip	PAND-2025-12-31-en/META-INF/taxonomyPackage.xml	23844c23a411d5da2ac2844baf18cf0930ad3a64567d329c5dcf17eb73ea90a2	1325
2026-09-27T14:22:20.666Z	AZzhNQpHUOE-jG7uJQ0z	http://regnskaber.virk.dk/61150582/amNsb3VkczovLzAzLzI5LzMxL2QwL2VmLzEyZmMtNDI1ZS04NmFlLTFhYjNjYWJmNzI1NQ.zip	PAND-2025-12-31-en/xbrl.pandoragroup.com/2025-12-31/PAND-2025-12-31.xsd	64c10461d76462e23719a63b43466be5c5ad2ba4a181f18871cb56651cde33de	8958
2026-09-27T14:22:20.666Z	AZzhNQpHUOE-jG7uJQ0z	http://regnskaber.virk.dk/61150582/amNsb3VkczovLzAzLzI5LzMxL2QwL2VmLzEyZmMtNDI1ZS04NmFlLTFhYjNjYWJmNzI1NQ.zip	PAND-2025-12-31-en/xbrl.pandoragroup.com/2025-12-31/PAND-2025-12-31_cal.xml	14a74c8b20fe02b985ed42ede3a61122555907caa0d87556b0d5e2b4bcc964fe	60165
2026-09-27T14:22:20.666Z	AZzhNQpHUOE-jG7uJQ0z	http://regnskaber.virk.dk/61150582/amNsb3VkczovLzAzLzI5LzMxL2QwL2VmLzEyZmMtNDI1ZS04NmFlLTFhYjNjYWJmNzI1NQ.zip	PAND-2025-12-31-en/xbrl.pandoragroup.com/2025-12-31/PAND-2025-12-31_def.xml	87988e4a776e2a154e6e9bfb89eb69bad2c7cad5f4e8b1a0d0abc615726710a9	168808
2026-09-27T14:22:20.666Z	AZzhNQpHUOE-jG7uJQ0z	http://regnskaber.virk.dk/61150582/amNsb3VkczovLzAzLzI5LzMxL2QwL2VmLzEyZmMtNDI1ZS04NmFlLTFhYjNjYWJmNzI1NQ.zip	PAND-2025-12-31-en/xbrl.pandoragroup.com/2025-12-31/PAND-2025-12-31_lab-en.xml	b039d0d031cccc9da0c4c697414fd7ee7966d1b4f6629c07c3f91eb034abbbbb	23850
2026-09-27T14:22:20.666Z	AZzhNQpHUOE-jG7uJQ0z	http://regnskaber.virk.dk/61150582/amNsb3VkczovLzAzLzI5LzMxL2QwL2VmLzEyZmMtNDI1ZS04NmFlLTFhYjNjYWJmNzI1NQ.zip	PAND-2025-12-31-en/xbrl.pandoragroup.com/2025-12-31/PAND-2025-12-31_pre.xml	3cb601b70ce133af6da863b520c79c5267d63fc20d419fc4187ef3e690413d23	181651
2026-09-27T14:22:20.666Z	AZzhNQpHUOE-jG7uJQ0z	http://regnskaber.virk.dk/61150582/amNsb3VkczovLzAzLzI5LzMxL2QwL2VmLzEyZmMtNDI1ZS04NmFlLTFhYjNjYWJmNzI1NQ.zip	PAND-2025-12-31-en/xbrl.pandoragroup.com/2025-12-31/PAND-2025-12-31_ref.xml	14359947e68fb7ff5bf6705b791f6f7fbb7eb1eae6dc19b0d78d6e7672e2a5ef	414
2026-09-27T14:22:20.666Z	AZxHTRFuz53i_6-1EF2j	http://regnskaber.virk.dk/61150582/amNsb3VkczovLzAzLzU5LzkzLzkwLzdiLzE4NzItNGJmOC1hNzNiLTY3MjRmZTJiOTFiYg.zip	PAND-2025-12-31-en/xbrl.pandoragroup.com/2025-12-31/PAND-2025-12-31_cal.xml	bae16fc885687a50ba390e631c5b98f464c1ffd11fc1439cfabb169bdc836375	53946
2026-09-27T14:22:20.666Z	AZxHTRFuz53i_6-1EF2j	http://regnskaber.virk.dk/61150582/amNsb3VkczovLzAzLzU5LzkzLzkwLzdiLzE4NzItNGJmOC1hNzNiLTY3MjRmZTJiOTFiYg.zip	PAND-2025-12-31-en/xbrl.pandoragroup.com/2025-12-31/PAND-2025-12-31_def.xml	f786e151a78c0eae8e63897955a6c169b141f08ba35c547d1b991e1653a4e5da	76095
2026-09-27T14:22:20.666Z	AZxHTRFuz53i_6-1EF2j	http://regnskaber.virk.dk/61150582/amNsb3VkczovLzAzLzU5LzkzLzkwLzdiLzE4NzItNGJmOC1hNzNiLTY3MjRmZTJiOTFiYg.zip	PAND-2025-12-31-en/xbrl.pandoragroup.com/2025-12-31/PAND-2025-12-31_pre.xml	28119a3704ff13296f2d4fd8f8de10c6cf5a7f112f439c9ea17d2655f733dea7	88772
2026-09-27T14:22:20.666Z	AZxHTRFuz53i_6-1EF2j	http://regnskaber.virk.dk/61150582/amNsb3VkczovLzAzLzU5LzkzLzkwLzdiLzE4NzItNGJmOC1hNzNiLTY3MjRmZTJiOTFiYg.zip	PAND-2025-12-31-en/xbrl.pandoragroup.com/2025-12-31/PAND-2025-12-31_lab-en.xml	79cf412c509f3785ee464b47f7fe139c08f088fce0a0a806e2cc915649ec6bda	14505
2026-09-27T14:22:20.666Z	AZxHTRFuz53i_6-1EF2j	http://regnskaber.virk.dk/61150582/amNsb3VkczovLzAzLzU5LzkzLzkwLzdiLzE4NzItNGJmOC1hNzNiLTY3MjRmZTJiOTFiYg.zip	PAND-2025-12-31-en/xbrl.pandoragroup.com/2025-12-31/PAND-2025-12-31_ref.xml	14359947e68fb7ff5bf6705b791f6f7fbb7eb1eae6dc19b0d78d6e7672e2a5ef	414
2026-09-27T14:22:20.666Z	AZxHTRFuz53i_6-1EF2j	http://regnskaber.virk.dk/61150582/amNsb3VkczovLzAzLzU5LzkzLzkwLzdiLzE4NzItNGJmOC1hNzNiLTY3MjRmZTJiOTFiYg.zip	PAND-2025-12-31-en/xbrl.pandoragroup.com/2025-12-31/PAND-2025-12-31.xsd	bd524d401840e434301ab12b56b1ef2fbad2c7aa6c3032a1f8fb789f198d9a51	7114
2026-09-27T14:22:20.666Z	AZxHTRFuz53i_6-1EF2j	http://regnskaber.virk.dk/61150582/amNsb3VkczovLzAzLzU5LzkzLzkwLzdiLzE4NzItNGJmOC1hNzNiLTY3MjRmZTJiOTFiYg.zip	PAND-2025-12-31-en/META-INF/catalog.xml	082fec50d63cfac25438113d668182e28b182fcf341114cca633b7b8cae34335	383
2026-09-27T14:22:20.666Z	AZxHTRFuz53i_6-1EF2j	http://regnskaber.virk.dk/61150582/amNsb3VkczovLzAzLzU5LzkzLzkwLzdiLzE4NzItNGJmOC1hNzNiLTY3MjRmZTJiOTFiYg.zip	PAND-2025-12-31-en/META-INF/taxonomyPackage.xml	5a2f647dbd761bb6bd602bdc83ce1c77b9781435bc693fca6616918a0069d0c4	1325
2026-09-27T14:22:20.666Z	AZpetZMymEsZUkLPs6kI	http://regnskaber.virk.dk/61150582/amNsb3VkczovLzAzL2VhLzIzL2RjLzU3LzM2NjUtNDIzMC04YjMxLWQ0MWI1NWY4ODdmZQ.zip	PAND-2025-09-30-en/xbrl.pandoragroup.com/2025-09-30/PAND-2025-09-30_cal.xml	61a9231537c98d87e5106b0a9a878e0e4fc059470e46e8aab832f5518743759a	54292
2026-09-27T14:22:20.666Z	AZpetZMymEsZUkLPs6kI	http://regnskaber.virk.dk/61150582/amNsb3VkczovLzAzL2VhLzIzL2RjLzU3LzM2NjUtNDIzMC04YjMxLWQ0MWI1NWY4ODdmZQ.zip	PAND-2025-09-30-en/xbrl.pandoragroup.com/2025-09-30/PAND-2025-09-30_def.xml	cfc6df93fb791f7d3c7efc6f5a6d5889cac277b9672480ba8418721c1a09d6b6	76337
2026-09-27T14:22:20.666Z	AZpetZMymEsZUkLPs6kI	http://regnskaber.virk.dk/61150582/amNsb3VkczovLzAzL2VhLzIzL2RjLzU3LzM2NjUtNDIzMC04YjMxLWQ0MWI1NWY4ODdmZQ.zip	PAND-2025-09-30-en/xbrl.pandoragroup.com/2025-09-30/PAND-2025-09-30_pre.xml	3863b6fada20daa8ba74883fffa465414c94effea222ae99e67627cfb4843c5e	88678
2026-09-27T14:22:20.666Z	AZpetZMymEsZUkLPs6kI	http://regnskaber.virk.dk/61150582/amNsb3VkczovLzAzL2VhLzIzL2RjLzU3LzM2NjUtNDIzMC04YjMxLWQ0MWI1NWY4ODdmZQ.zip	PAND-2025-09-30-en/xbrl.pandoragroup.com/2025-09-30/PAND-2025-09-30_lab-en.xml	f8e2050766a034de1f1ae119f05cff7de487e2f7a0a8328cf76e5d0794375c00	16859
2026-09-27T14:22:20.666Z	AZpetZMymEsZUkLPs6kI	http://regnskaber.virk.dk/61150582/amNsb3VkczovLzAzL2VhLzIzL2RjLzU3LzM2NjUtNDIzMC04YjMxLWQ0MWI1NWY4ODdmZQ.zip	PAND-2025-09-30-en/xbrl.pandoragroup.com/2025-09-30/PAND-2025-09-30_ref.xml	14359947e68fb7ff5bf6705b791f6f7fbb7eb1eae6dc19b0d78d6e7672e2a5ef	414
2026-09-27T14:22:20.666Z	AZpetZMymEsZUkLPs6kI	http://regnskaber.virk.dk/61150582/amNsb3VkczovLzAzL2VhLzIzL2RjLzU3LzM2NjUtNDIzMC04YjMxLWQ0MWI1NWY4ODdmZQ.zip	PAND-2025-09-30-en/xbrl.pandoragroup.com/2025-09-30/PAND-2025-09-30.xsd	d8c122552cea9bf52983a0e4d49f7cf3af2f701b2b0949600b83bea873564214	7114
2026-09-27T14:22:20.666Z	AZpetZMymEsZUkLPs6kI	http://regnskaber.virk.dk/61150582/amNsb3VkczovLzAzL2VhLzIzL2RjLzU3LzM2NjUtNDIzMC04YjMxLWQ0MWI1NWY4ODdmZQ.zip	PAND-2025-09-30-en/META-INF/catalog.xml	e954e1c84bf6a83ecf3b6de81f741f3c471b0f4ea6c05e0cf2ec374100ea7a30	383
2026-09-27T14:22:20.666Z	AZpetZMymEsZUkLPs6kI	http://regnskaber.virk.dk/61150582/amNsb3VkczovLzAzL2VhLzIzL2RjLzU3LzM2NjUtNDIzMC04YjMxLWQ0MWI1NWY4ODdmZQ.zip	PAND-2025-09-30-en/META-INF/taxonomyPackage.xml	c9ff154aee67e859a83f125e701de2deb15173d95c1e4cd8452f509baf8c966d	1325
2026-09-27T14:22:20.666Z	AZi9bcBRE5HHBqFjnJwl	http://regnskaber.virk.dk/61150582/amNsb3VkczovLzAzL2ZlL2I3LzUwLzllL2NkNWQtNGJmNy1hY2IxLWU3NjNhMzVhNDk2Yg.zip	PAND-2025-06-30-en/xbrl.pandoragroup.com/2025-06-30/PAND-2025-06-30_cal.xml	e9e617caf853c1c4e5a2ca6a90e8e579d5a2a466ba1a1416e7ba78b2ca294bd2	54952
2026-09-27T14:22:20.666Z	AZi9bcBRE5HHBqFjnJwl	http://regnskaber.virk.dk/61150582/amNsb3VkczovLzAzL2ZlL2I3LzUwLzllL2NkNWQtNGJmNy1hY2IxLWU3NjNhMzVhNDk2Yg.zip	PAND-2025-06-30-en/xbrl.pandoragroup.com/2025-06-30/PAND-2025-06-30_def.xml	da821b95d92c5da12ef10780da302b1c6fc53ff90c497503ce93775f0114ac4d	77936
2026-09-27T14:22:20.666Z	AZi9bcBRE5HHBqFjnJwl	http://regnskaber.virk.dk/61150582/amNsb3VkczovLzAzL2ZlL2I3LzUwLzllL2NkNWQtNGJmNy1hY2IxLWU3NjNhMzVhNDk2Yg.zip	PAND-2025-06-30-en/xbrl.pandoragroup.com/2025-06-30/PAND-2025-06-30_pre.xml	e00802d051467051ea3e8627d4e2f2a08f0418d9a790cc2047f19f8bf3ca9c94	89396
2026-09-27T14:22:20.666Z	AZi9bcBRE5HHBqFjnJwl	http://regnskaber.virk.dk/61150582/amNsb3VkczovLzAzL2ZlL2I3LzUwLzllL2NkNWQtNGJmNy1hY2IxLWU3NjNhMzVhNDk2Yg.zip	PAND-2025-06-30-en/xbrl.pandoragroup.com/2025-06-30/PAND-2025-06-30_lab-en.xml	962b6c2c880164ba66984c870a08ced78da61745d35c5542cf22aeb47def188e	17880
2026-09-27T14:22:20.666Z	AZi9bcBRE5HHBqFjnJwl	http://regnskaber.virk.dk/61150582/amNsb3VkczovLzAzL2ZlL2I3LzUwLzllL2NkNWQtNGJmNy1hY2IxLWU3NjNhMzVhNDk2Yg.zip	PAND-2025-06-30-en/xbrl.pandoragroup.com/2025-06-30/PAND-2025-06-30_ref.xml	14359947e68fb7ff5bf6705b791f6f7fbb7eb1eae6dc19b0d78d6e7672e2a5ef	414
2026-09-27T14:22:20.666Z	AZi9bcBRE5HHBqFjnJwl	http://regnskaber.virk.dk/61150582/amNsb3VkczovLzAzL2ZlL2I3LzUwLzllL2NkNWQtNGJmNy1hY2IxLWU3NjNhMzVhNDk2Yg.zip	PAND-2025-06-30-en/xbrl.pandoragroup.com/2025-06-30/PAND-2025-06-30.xsd	c32799959fcd970605ee7a95cf6fce56e98d2ac50a97bc2663e67e51b4da6941	7393
2026-09-27T14:22:20.666Z	AZi9bcBRE5HHBqFjnJwl	http://regnskaber.virk.dk/61150582/amNsb3VkczovLzAzL2ZlL2I3LzUwLzllL2NkNWQtNGJmNy1hY2IxLWU3NjNhMzVhNDk2Yg.zip	PAND-2025-06-30-en/META-INF/catalog.xml	e3467856b62cb92d9b07949d70152fe587313280d9cbf47d252efa979e1d7560	383
2026-09-27T14:22:20.666Z	AZi9bcBRE5HHBqFjnJwl	http://regnskaber.virk.dk/61150582/amNsb3VkczovLzAzL2ZlL2I3LzUwLzllL2NkNWQtNGJmNy1hY2IxLWU3NjNhMzVhNDk2Yg.zip	PAND-2025-06-30-en/META-INF/taxonomyPackage.xml	c0759c59d4da7cad59807a49f4dce2247901bfa64f4e3b910bec9165b00c7667	1321
2026-09-27T14:22:20.666Z	AZaz-MDycvbnwfTj3_P8	http://regnskaber.virk.dk/61150582/amNsb3VkczovLzAzLzZjLzZiL2EzLzA5LzUyYzYtNDViNy1iM2FjLTQwNDc1OWFmNWRmMQ.zip	PAND-2025-03-31-en/xbrl.pandoragroup.com/2025-03-31/PAND-2025-03-31_cal.xml	d247f39722b9e1a2696dddeae1fa832a29afae1de371e495bb62c134fe617c52	54655
2026-09-27T14:22:20.666Z	AZaz-MDycvbnwfTj3_P8	http://regnskaber.virk.dk/61150582/amNsb3VkczovLzAzLzZjLzZiL2EzLzA5LzUyYzYtNDViNy1iM2FjLTQwNDc1OWFmNWRmMQ.zip	PAND-2025-03-31-en/xbrl.pandoragroup.com/2025-03-31/PAND-2025-03-31_def.xml	52a51c4e16edfe801e725e8ae7fa9e9d3e9e9ce0022379b6f1234cd7ef92f7e9	77771
2026-09-27T14:22:20.666Z	AZaz-MDycvbnwfTj3_P8	http://regnskaber.virk.dk/61150582/amNsb3VkczovLzAzLzZjLzZiL2EzLzA5LzUyYzYtNDViNy1iM2FjLTQwNDc1OWFmNWRmMQ.zip	PAND-2025-03-31-en/xbrl.pandoragroup.com/2025-03-31/PAND-2025-03-31_pre.xml	a04f3fd8af0ec576bc7e1de937b84b54c812a40aa32945803fd123867a12322d	89066
2026-09-27T14:22:20.666Z	AZaz-MDycvbnwfTj3_P8	http://regnskaber.virk.dk/61150582/amNsb3VkczovLzAzLzZjLzZiL2EzLzA5LzUyYzYtNDViNy1iM2FjLTQwNDc1OWFmNWRmMQ.zip	PAND-2025-03-31-en/xbrl.pandoragroup.com/2025-03-31/PAND-2025-03-31_lab-en.xml	f5956bb6fda4a3757b4fbe7cf8f5911cce41940846e248a119e09c4d30422c30	17582
2026-09-27T14:22:20.666Z	AZaz-MDycvbnwfTj3_P8	http://regnskaber.virk.dk/61150582/amNsb3VkczovLzAzLzZjLzZiL2EzLzA5LzUyYzYtNDViNy1iM2FjLTQwNDc1OWFmNWRmMQ.zip	PAND-2025-03-31-en/xbrl.pandoragroup.com/2025-03-31/PAND-2025-03-31_ref.xml	14359947e68fb7ff5bf6705b791f6f7fbb7eb1eae6dc19b0d78d6e7672e2a5ef	414
2026-09-27T14:22:20.666Z	AZaz-MDycvbnwfTj3_P8	http://regnskaber.virk.dk/61150582/amNsb3VkczovLzAzLzZjLzZiL2EzLzA5LzUyYzYtNDViNy1iM2FjLTQwNDc1OWFmNWRmMQ.zip	PAND-2025-03-31-en/xbrl.pandoragroup.com/2025-03-31/PAND-2025-03-31.xsd	dc787475d1afa8a3462164c55affb56e0b7e8fd42e9ec00bfb1ed96c2a738e59	7393
2026-09-27T14:22:20.666Z	AZaz-MDycvbnwfTj3_P8	http://regnskaber.virk.dk/61150582/amNsb3VkczovLzAzLzZjLzZiL2EzLzA5LzUyYzYtNDViNy1iM2FjLTQwNDc1OWFmNWRmMQ.zip	PAND-2025-03-31-en/META-INF/catalog.xml	e800c9d8e34993c08a272f04ce644403a9981188a622d30cb95605bbd38085a7	383
2026-09-27T14:22:20.666Z	AZaz-MDycvbnwfTj3_P8	http://regnskaber.virk.dk/61150582/amNsb3VkczovLzAzLzZjLzZiL2EzLzA5LzUyYzYtNDViNy1iM2FjLTQwNDc1OWFmNWRmMQ.zip	PAND-2025-03-31-en/META-INF/taxonomyPackage.xml	b9512ef013645eff96a618a42698fff84e5c74b09e54a8e8211687382ea069de	1322
2026-09-27T14:22:20.666Z	AZWU0IDRFEh_XCMONrt_	http://regnskaber.virk.dk/61150582/amNsb3VkczovLzAzLzBlLzhmLzQ1L2RjLzAyY2MtNDE3YS05YTQ1LWM5MjI1ZWM2MzY2Nw.zip	PAND-2024-12-31-en/META-INF/catalog.xml	bb39c43f61caae479c864a172cab5ae68620cc4b12fbeb6b88b4192e3aa213c0	383
2026-09-27T14:22:20.666Z	AZWU0IDRFEh_XCMONrt_	http://regnskaber.virk.dk/61150582/amNsb3VkczovLzAzLzBlLzhmLzQ1L2RjLzAyY2MtNDE3YS05YTQ1LWM5MjI1ZWM2MzY2Nw.zip	PAND-2024-12-31-en/META-INF/taxonomyPackage.xml	eb0d2a47109eda800629454831540950675cd3bf455b0d10f3b3d4a6f414350d	1325
2026-09-27T14:22:20.666Z	AZWU0IDRFEh_XCMONrt_	http://regnskaber.virk.dk/61150582/amNsb3VkczovLzAzLzBlLzhmLzQ1L2RjLzAyY2MtNDE3YS05YTQ1LWM5MjI1ZWM2MzY2Nw.zip	PAND-2024-12-31-en/xbrl.pandoragroup.com/2024-12-31/PAND-2024-12-31.xsd	e6a1442195b86cd2c5d31e5b744aacef6e103abfe66a0d15fa9ebf6e80f98b59	8694
2026-09-27T14:22:20.666Z	AZWU0IDRFEh_XCMONrt_	http://regnskaber.virk.dk/61150582/amNsb3VkczovLzAzLzBlLzhmLzQ1L2RjLzAyY2MtNDE3YS05YTQ1LWM5MjI1ZWM2MzY2Nw.zip	PAND-2024-12-31-en/xbrl.pandoragroup.com/2024-12-31/PAND-2024-12-31_cal.xml	ed862bb15968f357de7ea41fc95732c3678c38424ad7f29e985b4bca6c5ccb64	59489
2026-09-27T14:22:20.666Z	AZWU0IDRFEh_XCMONrt_	http://regnskaber.virk.dk/61150582/amNsb3VkczovLzAzLzBlLzhmLzQ1L2RjLzAyY2MtNDE3YS05YTQ1LWM5MjI1ZWM2MzY2Nw.zip	PAND-2024-12-31-en/xbrl.pandoragroup.com/2024-12-31/PAND-2024-12-31_def.xml	263eac3a3971bc682cd86fe43b816c20e1dec6472f84848f98dfe3d157380493	168551
2026-09-27T14:22:20.666Z	AZWU0IDRFEh_XCMONrt_	http://regnskaber.virk.dk/61150582/amNsb3VkczovLzAzLzBlLzhmLzQ1L2RjLzAyY2MtNDE3YS05YTQ1LWM5MjI1ZWM2MzY2Nw.zip	PAND-2024-12-31-en/xbrl.pandoragroup.com/2024-12-31/PAND-2024-12-31_lab-en.xml	6303cf1d4bacdbbead94e115a21d369414eb463ac05c214a3ff8c78f60a56efc	22910
2026-09-27T14:22:20.666Z	AZWU0IDRFEh_XCMONrt_	http://regnskaber.virk.dk/61150582/amNsb3VkczovLzAzLzBlLzhmLzQ1L2RjLzAyY2MtNDE3YS05YTQ1LWM5MjI1ZWM2MzY2Nw.zip	PAND-2024-12-31-en/xbrl.pandoragroup.com/2024-12-31/PAND-2024-12-31_pre.xml	2de038e476ee3316d462f3df4d7be9769409fd9e793fda99ce9e9d268c100631	180820
2026-09-27T14:22:20.666Z	AZWU0IDRFEh_XCMONrt_	http://regnskaber.virk.dk/61150582/amNsb3VkczovLzAzLzBlLzhmLzQ1L2RjLzAyY2MtNDE3YS05YTQ1LWM5MjI1ZWM2MzY2Nw.zip	PAND-2024-12-31-en/xbrl.pandoragroup.com/2024-12-31/PAND-2024-12-31_ref.xml	14359947e68fb7ff5bf6705b791f6f7fbb7eb1eae6dc19b0d78d6e7672e2a5ef	414
2026-09-27T14:22:20.666Z	AZTgWwQwRifCc7_sqZOd	http://regnskaber.virk.dk/61150582/amNsb3VkczovLzAzLzZiL2Q1L2UxLzQxLzNiOGQtNDdkMy1iOTFmLWUzYzc1OTQwMTI2OQ.zip	PAND-2024-12-31-en/xbrl.pandoragroup.com/2024-12-31/PAND-2024-12-31_cal.xml	d939ecbab40cf557cdbe30854d677b36855b6a73c81ac6d426f55715bfda9542	54046
2026-09-27T14:22:20.666Z	AZTgWwQwRifCc7_sqZOd	http://regnskaber.virk.dk/61150582/amNsb3VkczovLzAzLzZiL2Q1L2UxLzQxLzNiOGQtNDdkMy1iOTFmLWUzYzc1OTQwMTI2OQ.zip	PAND-2024-12-31-en/xbrl.pandoragroup.com/2024-12-31/PAND-2024-12-31_def.xml	1e05d7286cdb7b2c7939217469e1a8889ff3e6a1bd715406e48c83f40a04ad0e	76177
2026-09-27T14:22:20.666Z	AZTgWwQwRifCc7_sqZOd	http://regnskaber.virk.dk/61150582/amNsb3VkczovLzAzLzZiL2Q1L2UxLzQxLzNiOGQtNDdkMy1iOTFmLWUzYzc1OTQwMTI2OQ.zip	PAND-2024-12-31-en/xbrl.pandoragroup.com/2024-12-31/PAND-2024-12-31_pre.xml	0b7407f14ba3d5565b10a4a94b4365bf8615600acc18242d0b752bbe08022ba6	88088
2026-09-27T14:22:20.666Z	AZTgWwQwRifCc7_sqZOd	http://regnskaber.virk.dk/61150582/amNsb3VkczovLzAzLzZiL2Q1L2UxLzQxLzNiOGQtNDdkMy1iOTFmLWUzYzc1OTQwMTI2OQ.zip	PAND-2024-12-31-en/xbrl.pandoragroup.com/2024-12-31/PAND-2024-12-31_lab-en.xml	31b6602e9e325dfe17a686025d5f4275454adc4b76105048baa4e5870284d6cf	14505
2026-09-27T14:22:20.666Z	AZTgWwQwRifCc7_sqZOd	http://regnskaber.virk.dk/61150582/amNsb3VkczovLzAzLzZiL2Q1L2UxLzQxLzNiOGQtNDdkMy1iOTFmLWUzYzc1OTQwMTI2OQ.zip	PAND-2024-12-31-en/xbrl.pandoragroup.com/2024-12-31/PAND-2024-12-31_ref.xml	14359947e68fb7ff5bf6705b791f6f7fbb7eb1eae6dc19b0d78d6e7672e2a5ef	414
2026-09-27T14:22:20.666Z	AZTgWwQwRifCc7_sqZOd	http://regnskaber.virk.dk/61150582/amNsb3VkczovLzAzLzZiL2Q1L2UxLzQxLzNiOGQtNDdkMy1iOTFmLWUzYzc1OTQwMTI2OQ.zip	PAND-2024-12-31-en/xbrl.pandoragroup.com/2024-12-31/PAND-2024-12-31.xsd	5203fdb78bf858acd886697dd1f971a3ed1e80fd09b2ed39cc84586a77e145eb	7114
2026-09-27T14:22:20.666Z	AZTgWwQwRifCc7_sqZOd	http://regnskaber.virk.dk/61150582/amNsb3VkczovLzAzLzZiL2Q1L2UxLzQxLzNiOGQtNDdkMy1iOTFmLWUzYzc1OTQwMTI2OQ.zip	PAND-2024-12-31-en/META-INF/catalog.xml	bb39c43f61caae479c864a172cab5ae68620cc4b12fbeb6b88b4192e3aa213c0	383
2026-09-27T14:22:20.666Z	AZTgWwQwRifCc7_sqZOd	http://regnskaber.virk.dk/61150582/amNsb3VkczovLzAzLzZiL2Q1L2UxLzQxLzNiOGQtNDdkMy1iOTFmLWUzYzc1OTQwMTI2OQ.zip	PAND-2024-12-31-en/META-INF/taxonomyPackage.xml	deb970533e19ddbfee24ec3c7a30fa40efd2190bdc56a1eb2fe7d51537829941	1325
2026-09-27T14:22:20.666Z	AZMLk7PpAWbHv6VBSR1r	http://regnskaber.virk.dk/61150582/amNsb3VkczovLzAzLzg2LzcyLzY1L2Y2LzkwNTAtNDgyNC1iOTc1LWE3MmY5Y2M5NGEzMg.zip	5299007OWYZ6I1E46843-2024-09-30-en/xbrl.pandoragroup.com/2024-09-30/5299007OWYZ6I1E46843-2024-09-30_cal.xml	52107e3977b708aac58be5cb9da1139d82fe646b9be9680a94812057e24ee793	54497
2026-09-27T14:22:20.666Z	AZMLk7PpAWbHv6VBSR1r	http://regnskaber.virk.dk/61150582/amNsb3VkczovLzAzLzg2LzcyLzY1L2Y2LzkwNTAtNDgyNC1iOTc1LWE3MmY5Y2M5NGEzMg.zip	5299007OWYZ6I1E46843-2024-09-30-en/xbrl.pandoragroup.com/2024-09-30/5299007OWYZ6I1E46843-2024-09-30_def.xml	9cda54fe66c04ed23efb36c8e13334fdd15b862a09750c5786866d850c68dea3	77298
2026-09-27T14:22:20.666Z	AZMLk7PpAWbHv6VBSR1r	http://regnskaber.virk.dk/61150582/amNsb3VkczovLzAzLzg2LzcyLzY1L2Y2LzkwNTAtNDgyNC1iOTc1LWE3MmY5Y2M5NGEzMg.zip	5299007OWYZ6I1E46843-2024-09-30-en/xbrl.pandoragroup.com/2024-09-30/5299007OWYZ6I1E46843-2024-09-30_pre.xml	57d5e6c098a2518304ada6341b67669371edb6df96c7022fac13fa814eff6500	88931
2026-09-27T14:22:20.666Z	AZMLk7PpAWbHv6VBSR1r	http://regnskaber.virk.dk/61150582/amNsb3VkczovLzAzLzg2LzcyLzY1L2Y2LzkwNTAtNDgyNC1iOTc1LWE3MmY5Y2M5NGEzMg.zip	5299007OWYZ6I1E46843-2024-09-30-en/xbrl.pandoragroup.com/2024-09-30/5299007OWYZ6I1E46843-2024-09-30_lab-en.xml	ce1e6f829c60a631ca279c1616121c49c03bd6fdcdc6279112bbea5ef0e428bb	17695
2026-09-27T14:22:20.666Z	AZMLk7PpAWbHv6VBSR1r	http://regnskaber.virk.dk/61150582/amNsb3VkczovLzAzLzg2LzcyLzY1L2Y2LzkwNTAtNDgyNC1iOTc1LWE3MmY5Y2M5NGEzMg.zip	5299007OWYZ6I1E46843-2024-09-30-en/xbrl.pandoragroup.com/2024-09-30/5299007OWYZ6I1E46843-2024-09-30_ref.xml	14359947e68fb7ff5bf6705b791f6f7fbb7eb1eae6dc19b0d78d6e7672e2a5ef	414
2026-09-27T14:22:20.666Z	AZMLk7PpAWbHv6VBSR1r	http://regnskaber.virk.dk/61150582/amNsb3VkczovLzAzLzg2LzcyLzY1L2Y2LzkwNTAtNDgyNC1iOTc1LWE3MmY5Y2M5NGEzMg.zip	5299007OWYZ6I1E46843-2024-09-30-en/xbrl.pandoragroup.com/2024-09-30/5299007OWYZ6I1E46843-2024-09-30.xsd	a3a26a90bd558cffbf728592fc010ce5be43cea7c1853aae6401bc1b44991dfe	7404
2026-09-27T14:22:20.666Z	AZMLk7PpAWbHv6VBSR1r	http://regnskaber.virk.dk/61150582/amNsb3VkczovLzAzLzg2LzcyLzY1L2Y2LzkwNTAtNDgyNC1iOTc1LWE3MmY5Y2M5NGEzMg.zip	5299007OWYZ6I1E46843-2024-09-30-en/META-INF/catalog.xml	b4d7dee41c3b2882007fd40dfd6004892076734a85aca50fdd9b5861d7034792	383
2026-09-27T14:22:20.666Z	AZMLk7PpAWbHv6VBSR1r	http://regnskaber.virk.dk/61150582/amNsb3VkczovLzAzLzg2LzcyLzY1L2Y2LzkwNTAtNDgyNC1iOTc1LWE3MmY5Y2M5NGEzMg.zip	5299007OWYZ6I1E46843-2024-09-30-en/META-INF/taxonomyPackage.xml	157c98f764149d5c725e03f5f85560b72da455593d0d2a783faf2bfe14e848c9	1389
2026-09-27T14:22:20.666Z	AZFqnrF4UMs85EC7Q8lj	http://regnskaber.virk.dk/61150582/amNsb3VkczovLzAzLzA5LzM3LzQzLzczLzIzMGUtNDFiMC04M2RjLTk4NjM3NTdjMjJiOQ.zip	5299007OWYZ6I1E46843-2024-06-30-en/xbrl.pandoragroup.com/2024-06-30/5299007OWYZ6I1E46843-2024-06-30_cal.xml	12dc72cebffc26d538749524bfd2300a4df338a6d042ea3b5a59e9c906da7573	55118
2026-09-27T14:22:20.666Z	AZFqnrF4UMs85EC7Q8lj	http://regnskaber.virk.dk/61150582/amNsb3VkczovLzAzLzA5LzM3LzQzLzczLzIzMGUtNDFiMC04M2RjLTk4NjM3NTdjMjJiOQ.zip	5299007OWYZ6I1E46843-2024-06-30-en/xbrl.pandoragroup.com/2024-06-30/5299007OWYZ6I1E46843-2024-06-30_def.xml	66d1ec36acb57caefb997d0b0ae37d0f7b00bf9e93b548a4046779a96878cb5b	78874
2026-09-27T14:22:20.666Z	AZFqnrF4UMs85EC7Q8lj	http://regnskaber.virk.dk/61150582/amNsb3VkczovLzAzLzA5LzM3LzQzLzczLzIzMGUtNDFiMC04M2RjLTk4NjM3NTdjMjJiOQ.zip	5299007OWYZ6I1E46843-2024-06-30-en/xbrl.pandoragroup.com/2024-06-30/5299007OWYZ6I1E46843-2024-06-30_pre.xml	4c738759eef2d6e3c74cd67d4fbdc80fe7624b9dbbbc898e78844b951acb21c3	89610
2026-09-27T14:22:20.666Z	AZFqnrF4UMs85EC7Q8lj	http://regnskaber.virk.dk/61150582/amNsb3VkczovLzAzLzA5LzM3LzQzLzczLzIzMGUtNDFiMC04M2RjLTk4NjM3NTdjMjJiOQ.zip	5299007OWYZ6I1E46843-2024-06-30-en/xbrl.pandoragroup.com/2024-06-30/5299007OWYZ6I1E46843-2024-06-30_lab-en.xml	121dec173fe5eaa9a50a517ace34625143066feca7cedfd806c946d9955274f5	18732
2026-09-27T14:22:20.666Z	AZFqnrF4UMs85EC7Q8lj	http://regnskaber.virk.dk/61150582/amNsb3VkczovLzAzLzA5LzM3LzQzLzczLzIzMGUtNDFiMC04M2RjLTk4NjM3NTdjMjJiOQ.zip	5299007OWYZ6I1E46843-2024-06-30-en/xbrl.pandoragroup.com/2024-06-30/5299007OWYZ6I1E46843-2024-06-30_ref.xml	14359947e68fb7ff5bf6705b791f6f7fbb7eb1eae6dc19b0d78d6e7672e2a5ef	414
2026-09-27T14:22:20.666Z	AZFqnrF4UMs85EC7Q8lj	http://regnskaber.virk.dk/61150582/amNsb3VkczovLzAzLzA5LzM3LzQzLzczLzIzMGUtNDFiMC04M2RjLTk4NjM3NTdjMjJiOQ.zip	5299007OWYZ6I1E46843-2024-06-30-en/xbrl.pandoragroup.com/2024-06-30/5299007OWYZ6I1E46843-2024-06-30.xsd	360e37c9324fa7a855c3d87150fa307ef50ff046b53ad296c7fde709c51540f8	7683
2026-09-27T14:22:20.666Z	AZFqnrF4UMs85EC7Q8lj	http://regnskaber.virk.dk/61150582/amNsb3VkczovLzAzLzA5LzM3LzQzLzczLzIzMGUtNDFiMC04M2RjLTk4NjM3NTdjMjJiOQ.zip	5299007OWYZ6I1E46843-2024-06-30-en/META-INF/catalog.xml	b90c8d62d8fddfaf66d83da072f41f12f325fd98fd0e62c3ef92420c9f0779c2	383
2026-09-27T14:22:20.666Z	AZFqnrF4UMs85EC7Q8lj	http://regnskaber.virk.dk/61150582/amNsb3VkczovLzAzLzA5LzM3LzQzLzczLzIzMGUtNDFiMC04M2RjLTk4NjM3NTdjMjJiOQ.zip	5299007OWYZ6I1E46843-2024-06-30-en/META-INF/taxonomyPackage.xml	fd0aeaf8337a6baffbf03c4bfc30188e04daca9e6a57c783f8950e49ac471b9c	1389
2026-09-27T14:22:20.666Z	AY9OOoRMqwIG2jystRww	http://regnskaber.virk.dk/61150582/amNsb3VkczovLzAzLzlmLzFkLzk0LzhmLzdlODAtNDQyMS1hOTJiLWE2YmZmM2JmNGE4Yw.zip	5299007OWYZ6I1E46843-2024-03-31-en/xbrl.pandoragroup.com/2024-03-31/5299007OWYZ6I1E46843-2024-03-31_cal.xml	254d486f4fd59ee9fccd4b70fd1ef426937b896ab90bb162a2ec5c2c811a9f75	54193
2026-09-27T14:22:20.666Z	AY9OOoRMqwIG2jystRww	http://regnskaber.virk.dk/61150582/amNsb3VkczovLzAzLzlmLzFkLzk0LzhmLzdlODAtNDQyMS1hOTJiLWE2YmZmM2JmNGE4Yw.zip	5299007OWYZ6I1E46843-2024-03-31-en/xbrl.pandoragroup.com/2024-03-31/5299007OWYZ6I1E46843-2024-03-31_def.xml	79d92c19e2aa72e637263070b271ec84ff3010fa12b18444f0e53fc299d4c356	75212
2026-09-27T14:22:20.666Z	AY9OOoRMqwIG2jystRww	http://regnskaber.virk.dk/61150582/amNsb3VkczovLzAzLzlmLzFkLzk0LzhmLzdlODAtNDQyMS1hOTJiLWE2YmZmM2JmNGE4Yw.zip	5299007OWYZ6I1E46843-2024-03-31-en/xbrl.pandoragroup.com/2024-03-31/5299007OWYZ6I1E46843-2024-03-31_pre.xml	ef6b4b3da54ed77f40f43167bc0758d62b003c023d4c6b69e00ebb90651c8c1c	88694
2026-09-27T14:22:20.666Z	AY9OOoRMqwIG2jystRww	http://regnskaber.virk.dk/61150582/amNsb3VkczovLzAzLzlmLzFkLzk0LzhmLzdlODAtNDQyMS1hOTJiLWE2YmZmM2JmNGE4Yw.zip	5299007OWYZ6I1E46843-2024-03-31-en/xbrl.pandoragroup.com/2024-03-31/5299007OWYZ6I1E46843-2024-03-31_lab-en.xml	88af65db1ccca3f949d0da58fb2dd1612172adbb49d69148cd508d8b5e883c2d	16410
2026-09-27T14:22:20.666Z	AY9OOoRMqwIG2jystRww	http://regnskaber.virk.dk/61150582/amNsb3VkczovLzAzLzlmLzFkLzk0LzhmLzdlODAtNDQyMS1hOTJiLWE2YmZmM2JmNGE4Yw.zip	5299007OWYZ6I1E46843-2024-03-31-en/xbrl.pandoragroup.com/2024-03-31/5299007OWYZ6I1E46843-2024-03-31_ref.xml	14359947e68fb7ff5bf6705b791f6f7fbb7eb1eae6dc19b0d78d6e7672e2a5ef	414
2026-09-27T14:22:20.666Z	AY9OOoRMqwIG2jystRww	http://regnskaber.virk.dk/61150582/amNsb3VkczovLzAzLzlmLzFkLzk0LzhmLzdlODAtNDQyMS1hOTJiLWE2YmZmM2JmNGE4Yw.zip	5299007OWYZ6I1E46843-2024-03-31-en/xbrl.pandoragroup.com/2024-03-31/5299007OWYZ6I1E46843-2024-03-31.xsd	1b78190844fb83fcb9e7b67b349fd987c96c78a7d65dedc061239a0049000331	7134
2026-09-27T14:22:20.666Z	AY9OOoRMqwIG2jystRww	http://regnskaber.virk.dk/61150582/amNsb3VkczovLzAzLzlmLzFkLzk0LzhmLzdlODAtNDQyMS1hOTJiLWE2YmZmM2JmNGE4Yw.zip	5299007OWYZ6I1E46843-2024-03-31-en/META-INF/catalog.xml	37de39eb53df559438f2bb3737b9d0dcfa95a2657b51ccef86a07f7d1eb51591	383
2026-09-27T14:22:20.666Z	AY9OOoRMqwIG2jystRww	http://regnskaber.virk.dk/61150582/amNsb3VkczovLzAzLzlmLzFkLzk0LzhmLzdlODAtNDQyMS1hOTJiLWE2YmZmM2JmNGE4Yw.zip	5299007OWYZ6I1E46843-2024-03-31-en/META-INF/taxonomyPackage.xml	6a7141189bb0f55f8eacc2c4809eef80687a3f51a89eb323854d0bff01109548	1386
2026-09-27T14:22:20.666Z	AY5SC02aovuNAgdExHUM	http://regnskaber.virk.dk/61150582/amNsb3VkczovLzAzL2UwL2Y2L2E2L2FlLzhjOTctNGJhMy1iZDIxLWJiNDgwNjIwMGE1Yw.zip	PAND-2023-12-31-en/xbrl.pandoragroup.com/2023-12-31/PAND-2023-12-31_cal.xml	b38b7d8598ee2d7b6eb4fbe67962e2bfa57c281a989415c8a063fc11fdad5b10	58610
2026-09-27T14:22:20.666Z	AY5SC02aovuNAgdExHUM	http://regnskaber.virk.dk/61150582/amNsb3VkczovLzAzL2UwL2Y2L2E2L2FlLzhjOTctNGJhMy1iZDIxLWJiNDgwNjIwMGE1Yw.zip	PAND-2023-12-31-en/xbrl.pandoragroup.com/2023-12-31/PAND-2023-12-31_def.xml	a00d444fabc4278d6ed27d88a145e538a2ebc859bc0406433a84b7dd1fa2091f	169018
2026-09-27T14:22:20.666Z	AY5SC02aovuNAgdExHUM	http://regnskaber.virk.dk/61150582/amNsb3VkczovLzAzL2UwL2Y2L2E2L2FlLzhjOTctNGJhMy1iZDIxLWJiNDgwNjIwMGE1Yw.zip	PAND-2023-12-31-en/xbrl.pandoragroup.com/2023-12-31/PAND-2023-12-31_pre.xml	342ffdc1e66f1a7f4610768de32008b3650eb10cde65e9fa83a6062f103dc108	180646
2026-09-27T14:22:20.666Z	AY5SC02aovuNAgdExHUM	http://regnskaber.virk.dk/61150582/amNsb3VkczovLzAzL2UwL2Y2L2E2L2FlLzhjOTctNGJhMy1iZDIxLWJiNDgwNjIwMGE1Yw.zip	PAND-2023-12-31-en/xbrl.pandoragroup.com/2023-12-31/PAND-2023-12-31_lab-en.xml	186870f330b023920af8a0844f020fe9fc997e115a1472ccc3dbf71d6ef488a2	23586
2026-09-27T14:22:20.666Z	AY5SC02aovuNAgdExHUM	http://regnskaber.virk.dk/61150582/amNsb3VkczovLzAzL2UwL2Y2L2E2L2FlLzhjOTctNGJhMy1iZDIxLWJiNDgwNjIwMGE1Yw.zip	PAND-2023-12-31-en/xbrl.pandoragroup.com/2023-12-31/PAND-2023-12-31_ref.xml	14359947e68fb7ff5bf6705b791f6f7fbb7eb1eae6dc19b0d78d6e7672e2a5ef	414
2026-09-27T14:22:20.666Z	AY5SC02aovuNAgdExHUM	http://regnskaber.virk.dk/61150582/amNsb3VkczovLzAzL2UwL2Y2L2E2L2FlLzhjOTctNGJhMy1iZDIxLWJiNDgwNjIwMGE1Yw.zip	PAND-2023-12-31-en/xbrl.pandoragroup.com/2023-12-31/PAND-2023-12-31.xsd	fab3a31392645bd30e636eb5779195a054d7e4313aa50cba85d14cc36cb489cd	8904
2026-09-27T14:22:20.666Z	AY5SC02aovuNAgdExHUM	http://regnskaber.virk.dk/61150582/amNsb3VkczovLzAzL2UwL2Y2L2E2L2FlLzhjOTctNGJhMy1iZDIxLWJiNDgwNjIwMGE1Yw.zip	PAND-2023-12-31-en/META-INF/catalog.xml	de93c7f4562f79aa89e535404c0c0406f846b434473464541539584b536621bc	383
2026-09-27T14:22:20.666Z	AY5SC02aovuNAgdExHUM	http://regnskaber.virk.dk/61150582/amNsb3VkczovLzAzL2UwL2Y2L2E2L2FlLzhjOTctNGJhMy1iZDIxLWJiNDgwNjIwMGE1Yw.zip	PAND-2023-12-31-en/META-INF/taxonomyPackage.xml	3b82c8dc79b93f95c0679191bcbe44feeeeec91c70e50ae306038928aa97e827	1325
2026-09-27T14:22:20.666Z	AY2na2H7e3Wl56tCKBNN	http://regnskaber.virk.dk/61150582/amNsb3VkczovLzAzLzg3Lzk3LzMyLzYwLzRlYTctNDhkMS05NGRmLWQyNDk1MTk0NzA0Mg.zip	5299007OWYZ6I1E46843-2023-12-31-en/xbrl.pandoragroup.com/2023-12-31/5299007OWYZ6I1E46843-2023-12-31_cal.xml	e9821b67b275dd15512cf2ffc498ee2053160883f69717ddb08d4dd15df15397	50976
2026-09-27T14:22:20.666Z	AY2na2H7e3Wl56tCKBNN	http://regnskaber.virk.dk/61150582/amNsb3VkczovLzAzLzg3Lzk3LzMyLzYwLzRlYTctNDhkMS05NGRmLWQyNDk1MTk0NzA0Mg.zip	5299007OWYZ6I1E46843-2023-12-31-en/xbrl.pandoragroup.com/2023-12-31/5299007OWYZ6I1E46843-2023-12-31_def.xml	c60ff847b8e5e8faafdc1ea6cdd67f1be8b8c06a138427eadae9952ff4407575	76320
2026-09-27T14:22:20.666Z	AY2na2H7e3Wl56tCKBNN	http://regnskaber.virk.dk/61150582/amNsb3VkczovLzAzLzg3Lzk3LzMyLzYwLzRlYTctNDhkMS05NGRmLWQyNDk1MTk0NzA0Mg.zip	5299007OWYZ6I1E46843-2023-12-31-en/xbrl.pandoragroup.com/2023-12-31/5299007OWYZ6I1E46843-2023-12-31_pre.xml	2753cb0db9696392d2463f4748b32b537b3247026e8538b126857f53d7576949	89568
2026-09-27T14:22:20.666Z	AY2na2H7e3Wl56tCKBNN	http://regnskaber.virk.dk/61150582/amNsb3VkczovLzAzLzg3Lzk3LzMyLzYwLzRlYTctNDhkMS05NGRmLWQyNDk1MTk0NzA0Mg.zip	5299007OWYZ6I1E46843-2023-12-31-en/xbrl.pandoragroup.com/2023-12-31/5299007OWYZ6I1E46843-2023-12-31_lab-en.xml	24ed4a28ad0d1560ccda5dcb93265e8e34e5ce70a8e1f93d3c6c6592fbfef7ad	13409
2026-09-27T14:22:20.666Z	AY2na2H7e3Wl56tCKBNN	http://regnskaber.virk.dk/61150582/amNsb3VkczovLzAzLzg3Lzk3LzMyLzYwLzRlYTctNDhkMS05NGRmLWQyNDk1MTk0NzA0Mg.zip	5299007OWYZ6I1E46843-2023-12-31-en/xbrl.pandoragroup.com/2023-12-31/5299007OWYZ6I1E46843-2023-12-31_ref.xml	14359947e68fb7ff5bf6705b791f6f7fbb7eb1eae6dc19b0d78d6e7672e2a5ef	414
2026-09-27T14:22:20.666Z	AY2na2H7e3Wl56tCKBNN	http://regnskaber.virk.dk/61150582/amNsb3VkczovLzAzLzg3Lzk3LzMyLzYwLzRlYTctNDhkMS05NGRmLWQyNDk1MTk0NzA0Mg.zip	5299007OWYZ6I1E46843-2023-12-31-en/xbrl.pandoragroup.com/2023-12-31/5299007OWYZ6I1E46843-2023-12-31.xsd	63e27dc2141b3c71a71276d00ed1d329a8fda8d332834d10300aa03c49851130	7133
2026-09-27T14:22:20.666Z	AY2na2H7e3Wl56tCKBNN	http://regnskaber.virk.dk/61150582/amNsb3VkczovLzAzLzg3Lzk3LzMyLzYwLzRlYTctNDhkMS05NGRmLWQyNDk1MTk0NzA0Mg.zip	5299007OWYZ6I1E46843-2023-12-31-en/META-INF/catalog.xml	de93c7f4562f79aa89e535404c0c0406f846b434473464541539584b536621bc	383
2026-09-27T14:22:20.666Z	AY2na2H7e3Wl56tCKBNN	http://regnskaber.virk.dk/61150582/amNsb3VkczovLzAzLzg3Lzk3LzMyLzYwLzRlYTctNDhkMS05NGRmLWQyNDk1MTk0NzA0Mg.zip	5299007OWYZ6I1E46843-2023-12-31-en/META-INF/taxonomyPackage.xml	c8dc363d29a9da4c36a29b06c50d9f67b4493e36286aeb36d7142c7836e6f841	1389
2026-09-27T14:22:20.666Z	AYvYaqBOKIT2gYQE_sDd	http://regnskaber.virk.dk/61150582/amNsb3VkczovLzAzLzk5LzlhL2QxLzEzL2QzNDUtNGNkZi04MzFiLTViZTgwZjE5NTViYg.zip	5299007OWYZ6I1E46843-2023-09-30-en/xbrl.pandoragroup.com/2023-09-30/5299007OWYZ6I1E46843-2023-09-30_def.xml	d9eb1d2cc1ff7a69ecb72bb3ed34c2048056a03c88d222812aaf5c470f7a6144	75609
2026-09-27T14:22:20.666Z	AYvYaqBOKIT2gYQE_sDd	http://regnskaber.virk.dk/61150582/amNsb3VkczovLzAzLzk5LzlhL2QxLzEzL2QzNDUtNGNkZi04MzFiLTViZTgwZjE5NTViYg.zip	5299007OWYZ6I1E46843-2023-09-30-en/xbrl.pandoragroup.com/2023-09-30/5299007OWYZ6I1E46843-2023-09-30_pre.xml	48a5c0a6ba9c8d99fc025499fcdd29a8bb9886c0152bff405af2db3e3b8c8bc5	87908
2026-09-27T14:22:20.666Z	AYvYaqBOKIT2gYQE_sDd	http://regnskaber.virk.dk/61150582/amNsb3VkczovLzAzLzk5LzlhL2QxLzEzL2QzNDUtNGNkZi04MzFiLTViZTgwZjE5NTViYg.zip	5299007OWYZ6I1E46843-2023-09-30-en/xbrl.pandoragroup.com/2023-09-30/5299007OWYZ6I1E46843-2023-09-30_cal.xml	7fda640809c35868645902f8cc0ece2cc023aed49b239b40787b4c04a876fbb5	50744
2026-09-27T14:22:20.666Z	AYvYaqBOKIT2gYQE_sDd	http://regnskaber.virk.dk/61150582/amNsb3VkczovLzAzLzk5LzlhL2QxLzEzL2QzNDUtNGNkZi04MzFiLTViZTgwZjE5NTViYg.zip	5299007OWYZ6I1E46843-2023-09-30-en/xbrl.pandoragroup.com/2023-09-30/5299007OWYZ6I1E46843-2023-09-30_lab-en.xml	2f69b83b186c8385712991c1be8deeb847f4e238bb4539f53a28c5e39b90a2aa	15763
2026-09-27T14:22:20.666Z	AYvYaqBOKIT2gYQE_sDd	http://regnskaber.virk.dk/61150582/amNsb3VkczovLzAzLzk5LzlhL2QxLzEzL2QzNDUtNGNkZi04MzFiLTViZTgwZjE5NTViYg.zip	5299007OWYZ6I1E46843-2023-09-30-en/xbrl.pandoragroup.com/2023-09-30/5299007OWYZ6I1E46843-2023-09-30_ref.xml	14359947e68fb7ff5bf6705b791f6f7fbb7eb1eae6dc19b0d78d6e7672e2a5ef	414
2026-09-27T14:22:20.666Z	AYvYaqBOKIT2gYQE_sDd	http://regnskaber.virk.dk/61150582/amNsb3VkczovLzAzLzk5LzlhL2QxLzEzL2QzNDUtNGNkZi04MzFiLTViZTgwZjE5NTViYg.zip	5299007OWYZ6I1E46843-2023-09-30-en/xbrl.pandoragroup.com/2023-09-30/5299007OWYZ6I1E46843-2023-09-30.xsd	8bbea095f3bca03a2efdb2fac3ce1f10138e5d6aa823b34d17af587408b9afc0	7336
2026-09-27T14:22:20.666Z	AYvYaqBOKIT2gYQE_sDd	http://regnskaber.virk.dk/61150582/amNsb3VkczovLzAzLzk5LzlhL2QxLzEzL2QzNDUtNGNkZi04MzFiLTViZTgwZjE5NTViYg.zip	5299007OWYZ6I1E46843-2023-09-30-en/META-INF/catalog.xml	d2ad6d9e12214d2d16641f78ec3a9fcdbf0d4aaebbd229fd264b5ddf39dd47d6	383
2026-09-27T14:22:20.666Z	AYvYaqBOKIT2gYQE_sDd	http://regnskaber.virk.dk/61150582/amNsb3VkczovLzAzLzk5LzlhL2QxLzEzL2QzNDUtNGNkZi04MzFiLTViZTgwZjE5NTViYg.zip	5299007OWYZ6I1E46843-2023-09-30-en/META-INF/taxonomyPackage.xml	7612a236b712f95f8c90883f6816763d7f6ad5ac0fd725776f69f1c83172778b	1402
2026-09-27T14:22:20.666Z	AYn9d_Zy_UMSMydGomNf	http://regnskaber.virk.dk/61150582/amNsb3VkczovLzAzLzBjLzMwL2MwLzZlL2Q3NDAtNGQ0ZS04ZjNhLWRhOGYzZTNmNzgyOQ.zip	5299007OWYZ6I1E46843-2023-06-30-en/xbrl.pandoragroup.com/2023-06-30/5299007OWYZ6I1E46843-2023-06-30_def.xml	6c5a58bdf8c58c000f73c889fefce6916446f0c404789bc11524e73ddef6a2fb	77720
2026-09-27T14:22:20.666Z	AYn9d_Zy_UMSMydGomNf	http://regnskaber.virk.dk/61150582/amNsb3VkczovLzAzLzBjLzMwL2MwLzZlL2Q3NDAtNGQ0ZS04ZjNhLWRhOGYzZTNmNzgyOQ.zip	5299007OWYZ6I1E46843-2023-06-30-en/xbrl.pandoragroup.com/2023-06-30/5299007OWYZ6I1E46843-2023-06-30_pre.xml	6c0738a6308614f576e9721f5855bb011eee5fed484f62092baad8e0ef63521c	89006
2026-09-27T14:22:20.666Z	AYn9d_Zy_UMSMydGomNf	http://regnskaber.virk.dk/61150582/amNsb3VkczovLzAzLzBjLzMwL2MwLzZlL2Q3NDAtNGQ0ZS04ZjNhLWRhOGYzZTNmNzgyOQ.zip	5299007OWYZ6I1E46843-2023-06-30-en/xbrl.pandoragroup.com/2023-06-30/5299007OWYZ6I1E46843-2023-06-30_cal.xml	243a2276d29965d41b4b18149b432c644240436d48075b34995d6b5edecf4d4a	51279
2026-09-27T14:22:20.666Z	AYn9d_Zy_UMSMydGomNf	http://regnskaber.virk.dk/61150582/amNsb3VkczovLzAzLzBjLzMwL2MwLzZlL2Q3NDAtNGQ0ZS04ZjNhLWRhOGYzZTNmNzgyOQ.zip	5299007OWYZ6I1E46843-2023-06-30-en/xbrl.pandoragroup.com/2023-06-30/5299007OWYZ6I1E46843-2023-06-30_lab-en.xml	e578b5fa350e10a0ad114559172b0aa7a78eb77bf3905db015dfd5814b908695	16793
2026-09-27T14:22:20.666Z	AYn9d_Zy_UMSMydGomNf	http://regnskaber.virk.dk/61150582/amNsb3VkczovLzAzLzBjLzMwL2MwLzZlL2Q3NDAtNGQ0ZS04ZjNhLWRhOGYzZTNmNzgyOQ.zip	5299007OWYZ6I1E46843-2023-06-30-en/xbrl.pandoragroup.com/2023-06-30/5299007OWYZ6I1E46843-2023-06-30_ref.xml	14359947e68fb7ff5bf6705b791f6f7fbb7eb1eae6dc19b0d78d6e7672e2a5ef	414
2026-09-27T14:22:20.666Z	AYn9d_Zy_UMSMydGomNf	http://regnskaber.virk.dk/61150582/amNsb3VkczovLzAzLzBjLzMwL2MwLzZlL2Q3NDAtNGQ0ZS04ZjNhLWRhOGYzZTNmNzgyOQ.zip	5299007OWYZ6I1E46843-2023-06-30-en/xbrl.pandoragroup.com/2023-06-30/5299007OWYZ6I1E46843-2023-06-30.xsd	ee85d17ee32b552a857e61c44c98b2c5af038e8577a04f82a53e5dbf0742958e	7610
2026-09-27T14:22:20.666Z	AYn9d_Zy_UMSMydGomNf	http://regnskaber.virk.dk/61150582/amNsb3VkczovLzAzLzBjLzMwL2MwLzZlL2Q3NDAtNGQ0ZS04ZjNhLWRhOGYzZTNmNzgyOQ.zip	5299007OWYZ6I1E46843-2023-06-30-en/META-INF/catalog.xml	11f30c8627c74ca680aecbcab0b1eab4a6d8bae96e305016cda0656206279134	383
2026-09-27T14:22:20.666Z	AYn9d_Zy_UMSMydGomNf	http://regnskaber.virk.dk/61150582/amNsb3VkczovLzAzLzBjLzMwL2MwLzZlL2Q3NDAtNGQ0ZS04ZjNhLWRhOGYzZTNmNzgyOQ.zip	5299007OWYZ6I1E46843-2023-06-30-en/META-INF/taxonomyPackage.xml	180c8fbbd31c8b7d43aed590d2c16c2dbce34ebbe0884ae831a18db99813fae5	1402
2026-09-27T14:22:20.666Z	AYfmR2IHqBA96JVwCGva	http://regnskaber.virk.dk/61150582/amNsb3VkczovLzAzL2ZjL2FiL2NjLzkwLzljMGUtNDNmYi1hMmQ4LTIwMTA4YjNkN2E3Ng.zip	5299007OWYZ6I1E46843-2023-03-31-en/xbrl.pandoragroup.com/2023-03-31/5299007OWYZ6I1E46843-2023-03-31_def.xml	b77a91c7b184c7dec6f5a2dacb6b331715f64f672f3fcc370868af2617b3fb59	77174
2026-09-27T14:22:20.666Z	AYfmR2IHqBA96JVwCGva	http://regnskaber.virk.dk/61150582/amNsb3VkczovLzAzL2ZjL2FiL2NjLzkwLzljMGUtNDNmYi1hMmQ4LTIwMTA4YjNkN2E3Ng.zip	5299007OWYZ6I1E46843-2023-03-31-en/xbrl.pandoragroup.com/2023-03-31/5299007OWYZ6I1E46843-2023-03-31_pre.xml	cbefe54df7aa6eee21b98145c18ea11e4cdc4bc9acf4d50e8bf763668faac64f	88403
2026-09-27T14:22:20.666Z	AYfmR2IHqBA96JVwCGva	http://regnskaber.virk.dk/61150582/amNsb3VkczovLzAzL2ZjL2FiL2NjLzkwLzljMGUtNDNmYi1hMmQ4LTIwMTA4YjNkN2E3Ng.zip	5299007OWYZ6I1E46843-2023-03-31-en/xbrl.pandoragroup.com/2023-03-31/5299007OWYZ6I1E46843-2023-03-31_cal.xml	1d0bbafeeeaeecb02f36239a0617877dfda103f9791d95b7ce4821afd3829b96	51279
2026-09-27T14:22:20.666Z	AYfmR2IHqBA96JVwCGva	http://regnskaber.virk.dk/61150582/amNsb3VkczovLzAzL2ZjL2FiL2NjLzkwLzljMGUtNDNmYi1hMmQ4LTIwMTA4YjNkN2E3Ng.zip	5299007OWYZ6I1E46843-2023-03-31-en/xbrl.pandoragroup.com/2023-03-31/5299007OWYZ6I1E46843-2023-03-31_lab-en.xml	3526346ed1e0212fb0d715703b49f8d8dfdab21089e1a02e98b81c22f2289acf	16793
2026-09-27T14:22:20.666Z	AYfmR2IHqBA96JVwCGva	http://regnskaber.virk.dk/61150582/amNsb3VkczovLzAzL2ZjL2FiL2NjLzkwLzljMGUtNDNmYi1hMmQ4LTIwMTA4YjNkN2E3Ng.zip	5299007OWYZ6I1E46843-2023-03-31-en/xbrl.pandoragroup.com/2023-03-31/5299007OWYZ6I1E46843-2023-03-31_ref.xml	14359947e68fb7ff5bf6705b791f6f7fbb7eb1eae6dc19b0d78d6e7672e2a5ef	414
2026-09-27T14:22:20.666Z	AYfmR2IHqBA96JVwCGva	http://regnskaber.virk.dk/61150582/amNsb3VkczovLzAzL2ZjL2FiL2NjLzkwLzljMGUtNDNmYi1hMmQ4LTIwMTA4YjNkN2E3Ng.zip	5299007OWYZ6I1E46843-2023-03-31-en/xbrl.pandoragroup.com/2023-03-31/5299007OWYZ6I1E46843-2023-03-31.xsd	0e478c5522fa0bd9b691b8cc64012327d4cdfa9d4917cc41bd0894c539c1b94c	7610
2026-09-27T14:22:20.666Z	AYfmR2IHqBA96JVwCGva	http://regnskaber.virk.dk/61150582/amNsb3VkczovLzAzL2ZjL2FiL2NjLzkwLzljMGUtNDNmYi1hMmQ4LTIwMTA4YjNkN2E3Ng.zip	5299007OWYZ6I1E46843-2023-03-31-en/META-INF/catalog.xml	8457e67e8722013e93ffea47ac3a02df163b8b19c9c5ea6bd47e149df7e44dca	383
2026-09-27T14:22:20.666Z	AYfmR2IHqBA96JVwCGva	http://regnskaber.virk.dk/61150582/amNsb3VkczovLzAzL2ZjL2FiL2NjLzkwLzljMGUtNDNmYi1hMmQ4LTIwMTA4YjNkN2E3Ng.zip	5299007OWYZ6I1E46843-2023-03-31-en/META-INF/taxonomyPackage.xml	8fa4b1c410eb5b408bc50ef6a45c962fe4c58706730a60d6631fa1d8bb720fde	1402
2026-09-27T14:22:20.666Z	AYcKtw5YqjKLcyIuUuxL	http://regnskaber.virk.dk/61150582/amNsb3VkczovLzAzL2UxLzQzL2IyLzYwL2I5MTgtNDQ2NC05MzBmLWYwN2I3NThkYzhhZg.zip	PAND-2022-12-31-en/xbrl.pandoragroup.com/2022-12-31/PAND-2022-12-31_def.xml	583b7363fe559420322230d0282565602357c7a32ccada2b891ae27e4f9d70cf	170223
2026-09-27T14:22:20.666Z	AYcKtw5YqjKLcyIuUuxL	http://regnskaber.virk.dk/61150582/amNsb3VkczovLzAzL2UxLzQzL2IyLzYwL2I5MTgtNDQ2NC05MzBmLWYwN2I3NThkYzhhZg.zip	PAND-2022-12-31-en/xbrl.pandoragroup.com/2022-12-31/PAND-2022-12-31_pre.xml	cdeb947dd66d982cc4dea083011e8a50f35e66a4805a6b37169082103fb45d5b	190912
2026-09-27T14:22:20.666Z	AYcKtw5YqjKLcyIuUuxL	http://regnskaber.virk.dk/61150582/amNsb3VkczovLzAzL2UxLzQzL2IyLzYwL2I5MTgtNDQ2NC05MzBmLWYwN2I3NThkYzhhZg.zip	PAND-2022-12-31-en/xbrl.pandoragroup.com/2022-12-31/PAND-2022-12-31_cal.xml	ace426022aa20a3bfc7178d0444a0e1f6ca125ee75df476902fb9649577a2958	54444
2026-09-27T14:22:20.666Z	AYcKtw5YqjKLcyIuUuxL	http://regnskaber.virk.dk/61150582/amNsb3VkczovLzAzL2UxLzQzL2IyLzYwL2I5MTgtNDQ2NC05MzBmLWYwN2I3NThkYzhhZg.zip	PAND-2022-12-31-en/xbrl.pandoragroup.com/2022-12-31/PAND-2022-12-31_lab-en.xml	32f085692915d55af8c916097f11a0af72f09b0c41cae50e60679c18b7793f23	20127
2026-09-27T14:22:20.666Z	AYcKtw5YqjKLcyIuUuxL	http://regnskaber.virk.dk/61150582/amNsb3VkczovLzAzL2UxLzQzL2IyLzYwL2I5MTgtNDQ2NC05MzBmLWYwN2I3NThkYzhhZg.zip	PAND-2022-12-31-en/xbrl.pandoragroup.com/2022-12-31/PAND-2022-12-31_ref.xml	14359947e68fb7ff5bf6705b791f6f7fbb7eb1eae6dc19b0d78d6e7672e2a5ef	414
2026-09-27T14:22:20.666Z	AYcKtw5YqjKLcyIuUuxL	http://regnskaber.virk.dk/61150582/amNsb3VkczovLzAzL2UxLzQzL2IyLzYwL2I5MTgtNDQ2NC05MzBmLWYwN2I3NThkYzhhZg.zip	PAND-2022-12-31-en/xbrl.pandoragroup.com/2022-12-31/PAND-2022-12-31.xsd	db24f1d21c8a7a1915ac00069dbd4f87378a4f7e00b23e8c1e8256d89caaeb1d	8909
2026-09-27T14:22:20.666Z	AYcKtw5YqjKLcyIuUuxL	http://regnskaber.virk.dk/61150582/amNsb3VkczovLzAzL2UxLzQzL2IyLzYwL2I5MTgtNDQ2NC05MzBmLWYwN2I3NThkYzhhZg.zip	PAND-2022-12-31-en/META-INF/catalog.xml	d46a7e223844b86fbc92826ac234062382753b5f64416132ffc778fead7b0fba	383
2026-09-27T14:22:20.666Z	AYcKtw5YqjKLcyIuUuxL	http://regnskaber.virk.dk/61150582/amNsb3VkczovLzAzL2UxLzQzL2IyLzYwL2I5MTgtNDQ2NC05MzBmLWYwN2I3NThkYzhhZg.zip	PAND-2022-12-31-en/META-INF/taxonomyPackage.xml	27d9673d401706e60c84fc284a55b3dce495f9f5902528792179a144c64778db	1341
2026-09-27T14:22:20.666Z	AYZKVWlofPHf5pKPcNmW	http://regnskaber.virk.dk/61150582/amNsb3VkczovLzAzLzEwL2RhL2UyL2MwLzI1MDYtNGE4ZC04ZTkwLTkxYzdhNDRlZGRhZg.zip	5299007OWYZ6I1E46843-2022-12-31-en/xbrl.pandoragroup.com/2022-12-31/5299007OWYZ6I1E46843-2022-12-31_def.xml	0554ca2587db02d527bf868a852ba71e8e16d6f04ce0558a5a14ec14eb36b6bc	80278
2026-09-27T14:22:20.666Z	AYZKVWlofPHf5pKPcNmW	http://regnskaber.virk.dk/61150582/amNsb3VkczovLzAzLzEwL2RhL2UyL2MwLzI1MDYtNGE4ZC04ZTkwLTkxYzdhNDRlZGRhZg.zip	5299007OWYZ6I1E46843-2022-12-31-en/xbrl.pandoragroup.com/2022-12-31/5299007OWYZ6I1E46843-2022-12-31_pre.xml	28b7382dc815ad26ba7b3226f1c3a4733240251024a830cb9ab0f69ab7b44f57	91850
2026-09-27T14:22:20.666Z	AYZKVWlofPHf5pKPcNmW	http://regnskaber.virk.dk/61150582/amNsb3VkczovLzAzLzEwL2RhL2UyL2MwLzI1MDYtNGE4ZC04ZTkwLTkxYzdhNDRlZGRhZg.zip	5299007OWYZ6I1E46843-2022-12-31-en/xbrl.pandoragroup.com/2022-12-31/5299007OWYZ6I1E46843-2022-12-31_cal.xml	54b0483f6a9e2accbe0cabcc74e4402e008e3b5798aa8688f907f719fe677cda	50603
2026-09-27T14:22:20.666Z	AYZKVWlofPHf5pKPcNmW	http://regnskaber.virk.dk/61150582/amNsb3VkczovLzAzLzEwL2RhL2UyL2MwLzI1MDYtNGE4ZC04ZTkwLTkxYzdhNDRlZGRhZg.zip	5299007OWYZ6I1E46843-2022-12-31-en/xbrl.pandoragroup.com/2022-12-31/5299007OWYZ6I1E46843-2022-12-31_lab-en.xml	0897e4e2f9c07244dd74dce25d5b518513549c7dc443b8bcd81de149727857f4	16671
2026-09-27T14:22:20.666Z	AYZKVWlofPHf5pKPcNmW	http://regnskaber.virk.dk/61150582/amNsb3VkczovLzAzLzEwL2RhL2UyL2MwLzI1MDYtNGE4ZC04ZTkwLTkxYzdhNDRlZGRhZg.zip	5299007OWYZ6I1E46843-2022-12-31-en/xbrl.pandoragroup.com/2022-12-31/5299007OWYZ6I1E46843-2022-12-31_ref.xml	14359947e68fb7ff5bf6705b791f6f7fbb7eb1eae6dc19b0d78d6e7672e2a5ef	414
2026-09-27T14:22:20.666Z	AYZKVWlofPHf5pKPcNmW	http://regnskaber.virk.dk/61150582/amNsb3VkczovLzAzLzEwL2RhL2UyL2MwLzI1MDYtNGE4ZC04ZTkwLTkxYzdhNDRlZGRhZg.zip	5299007OWYZ6I1E46843-2022-12-31-en/xbrl.pandoragroup.com/2022-12-31/5299007OWYZ6I1E46843-2022-12-31.xsd	60c647a35f4c7601732bbd1aa7b5d41a4da29c72f10b407bba2ebb52115c7352	7807
2026-09-27T14:22:20.666Z	AYZKVWlofPHf5pKPcNmW	http://regnskaber.virk.dk/61150582/amNsb3VkczovLzAzLzEwL2RhL2UyL2MwLzI1MDYtNGE4ZC04ZTkwLTkxYzdhNDRlZGRhZg.zip	5299007OWYZ6I1E46843-2022-12-31-en/META-INF/catalog.xml	d46a7e223844b86fbc92826ac234062382753b5f64416132ffc778fead7b0fba	383
2026-09-27T14:22:20.666Z	AYZKVWlofPHf5pKPcNmW	http://regnskaber.virk.dk/61150582/amNsb3VkczovLzAzLzEwL2RhL2UyL2MwLzI1MDYtNGE4ZC04ZTkwLTkxYzdhNDRlZGRhZg.zip	5299007OWYZ6I1E46843-2022-12-31-en/META-INF/taxonomyPackage.xml	c2b0502696fd45c4083063c1420aeb9fade80aa0dc929464219e4c5097d71af6	1402
2026-09-27T14:22:20.666Z	AYSp9Yrgzo2tOYxCui8y	http://regnskaber.virk.dk/61150582/amNsb3VkczovLzAzL2Q4LzhkLzBjLzdiLzNkYzgtNDYyMC1hMWE5LWM5NjY1OTRkYzIwMw.zip	5299007OWYZ6I1E46843-2022-09-30-en/xbrl.pandoragroup.com/2022-09-30/5299007OWYZ6I1E46843-2022-09-30_def.xml	4f1381d615f900135d50cf6c224488649225af9035a1998cbaca0164f4cf8383	69506
2026-09-27T14:22:20.666Z	AYSp9Yrgzo2tOYxCui8y	http://regnskaber.virk.dk/61150582/amNsb3VkczovLzAzL2Q4LzhkLzBjLzdiLzNkYzgtNDYyMC1hMWE5LWM5NjY1OTRkYzIwMw.zip	5299007OWYZ6I1E46843-2022-09-30-en/xbrl.pandoragroup.com/2022-09-30/5299007OWYZ6I1E46843-2022-09-30_pre.xml	36e7ea02feba2f461b29523c52c3546d6888ce44261224ccc4531ec8c5906975	79333
2026-09-27T14:22:20.666Z	AYSp9Yrgzo2tOYxCui8y	http://regnskaber.virk.dk/61150582/amNsb3VkczovLzAzL2Q4LzhkLzBjLzdiLzNkYzgtNDYyMC1hMWE5LWM5NjY1OTRkYzIwMw.zip	5299007OWYZ6I1E46843-2022-09-30-en/xbrl.pandoragroup.com/2022-09-30/5299007OWYZ6I1E46843-2022-09-30_cal.xml	31496e64faa1804bf6efab53d6e09268d16933372a4aceebf813694893b1524d	48098
2026-09-27T14:22:20.666Z	AYSp9Yrgzo2tOYxCui8y	http://regnskaber.virk.dk/61150582/amNsb3VkczovLzAzL2Q4LzhkLzBjLzdiLzNkYzgtNDYyMC1hMWE5LWM5NjY1OTRkYzIwMw.zip	5299007OWYZ6I1E46843-2022-09-30-en/xbrl.pandoragroup.com/2022-09-30/5299007OWYZ6I1E46843-2022-09-30_lab-en.xml	b295a929b742d4d075afa3c47bb2a994217645a74a8932eb1298b94dee89045b	10780
2026-09-27T14:22:20.666Z	AYSp9Yrgzo2tOYxCui8y	http://regnskaber.virk.dk/61150582/amNsb3VkczovLzAzL2Q4LzhkLzBjLzdiLzNkYzgtNDYyMC1hMWE5LWM5NjY1OTRkYzIwMw.zip	5299007OWYZ6I1E46843-2022-09-30-en/xbrl.pandoragroup.com/2022-09-30/5299007OWYZ6I1E46843-2022-09-30_ref.xml	14359947e68fb7ff5bf6705b791f6f7fbb7eb1eae6dc19b0d78d6e7672e2a5ef	414
2026-09-27T14:22:20.666Z	AYSp9Yrgzo2tOYxCui8y	http://regnskaber.virk.dk/61150582/amNsb3VkczovLzAzL2Q4LzhkLzBjLzdiLzNkYzgtNDYyMC1hMWE5LWM5NjY1OTRkYzIwMw.zip	5299007OWYZ6I1E46843-2022-09-30-en/xbrl.pandoragroup.com/2022-09-30/5299007OWYZ6I1E46843-2022-09-30.xsd	92ab8d12cb259eed05024ca4ec7881fa9c8b498bd315b3d186870a68cf150881	6683
2026-09-27T14:22:20.666Z	AYSp9Yrgzo2tOYxCui8y	http://regnskaber.virk.dk/61150582/amNsb3VkczovLzAzL2Q4LzhkLzBjLzdiLzNkYzgtNDYyMC1hMWE5LWM5NjY1OTRkYzIwMw.zip	5299007OWYZ6I1E46843-2022-09-30-en/META-INF/catalog.xml	465ff24a2a6bb322271c358599e513b349360f2f56ded54f503283b8986b1669	383
2026-09-27T14:22:20.666Z	AYSp9Yrgzo2tOYxCui8y	http://regnskaber.virk.dk/61150582/amNsb3VkczovLzAzL2Q4LzhkLzBjLzdiLzNkYzgtNDYyMC1hMWE5LWM5NjY1OTRkYzIwMw.zip	5299007OWYZ6I1E46843-2022-09-30-en/META-INF/taxonomyPackage.xml	8a83b7fe837745f4d6606cc29368afaa3fa27494a483597552906915dbceedcb	1402
2026-09-27T14:22:20.666Z	AYKqiKcvBSmi2APuix94	http://regnskaber.virk.dk/61150582/amNsb3VkczovLzAzL2VmL2ZkL2YwLzBkL2YwYTctNDkxNC1iNjdjLTBiOTNiMDVmYmJkNg.zip	5299007OWYZ6I1E46843-2022-06-30-en/xbrl.pandoragroup.com/2022-06-30/5299007OWYZ6I1E46843-2022-06-30_def.xml	fa6983d3aaa0c3f5aebadd189c745a73c3d9334d560abf5e46703d005d21154d	71136
2026-09-27T14:22:20.666Z	AYKqiKcvBSmi2APuix94	http://regnskaber.virk.dk/61150582/amNsb3VkczovLzAzL2VmL2ZkL2YwLzBkL2YwYTctNDkxNC1iNjdjLTBiOTNiMDVmYmJkNg.zip	5299007OWYZ6I1E46843-2022-06-30-en/xbrl.pandoragroup.com/2022-06-30/5299007OWYZ6I1E46843-2022-06-30_pre.xml	556af9f5ab483f6efd1af2d21bf77ba087e9b5ec065e930efb077b58dee80ec3	80067
2026-09-27T14:22:20.666Z	AYKqiKcvBSmi2APuix94	http://regnskaber.virk.dk/61150582/amNsb3VkczovLzAzL2VmL2ZkL2YwLzBkL2YwYTctNDkxNC1iNjdjLTBiOTNiMDVmYmJkNg.zip	5299007OWYZ6I1E46843-2022-06-30-en/xbrl.pandoragroup.com/2022-06-30/5299007OWYZ6I1E46843-2022-06-30_cal.xml	6f6245b1112d0f898d80cdebf730f1d64349d7f0325df7e5532b97fc62368896	48774
2026-09-27T14:22:20.666Z	AYKqiKcvBSmi2APuix94	http://regnskaber.virk.dk/61150582/amNsb3VkczovLzAzL2VmL2ZkL2YwLzBkL2YwYTctNDkxNC1iNjdjLTBiOTNiMDVmYmJkNg.zip	5299007OWYZ6I1E46843-2022-06-30-en/xbrl.pandoragroup.com/2022-06-30/5299007OWYZ6I1E46843-2022-06-30_lab-en.xml	f0b532cc896b04fefe789365eff56c3cef651ff80dd650232ff9c743b22096c2	11817
2026-09-27T14:22:20.666Z	AYKqiKcvBSmi2APuix94	http://regnskaber.virk.dk/61150582/amNsb3VkczovLzAzL2VmL2ZkL2YwLzBkL2YwYTctNDkxNC1iNjdjLTBiOTNiMDVmYmJkNg.zip	5299007OWYZ6I1E46843-2022-06-30-en/xbrl.pandoragroup.com/2022-06-30/5299007OWYZ6I1E46843-2022-06-30_ref.xml	14359947e68fb7ff5bf6705b791f6f7fbb7eb1eae6dc19b0d78d6e7672e2a5ef	414
2026-09-27T14:22:20.666Z	AYKqiKcvBSmi2APuix94	http://regnskaber.virk.dk/61150582/amNsb3VkczovLzAzL2VmL2ZkL2YwLzBkL2YwYTctNDkxNC1iNjdjLTBiOTNiMDVmYmJkNg.zip	5299007OWYZ6I1E46843-2022-06-30-en/xbrl.pandoragroup.com/2022-06-30/5299007OWYZ6I1E46843-2022-06-30.xsd	9bbb5c11bbf9f6db5d9647ab97f27d4f19e92bd49ab9def13b3a5b94fb3703c4	6962
2026-09-27T14:22:20.666Z	AYKqiKcvBSmi2APuix94	http://regnskaber.virk.dk/61150582/amNsb3VkczovLzAzL2VmL2ZkL2YwLzBkL2YwYTctNDkxNC1iNjdjLTBiOTNiMDVmYmJkNg.zip	5299007OWYZ6I1E46843-2022-06-30-en/META-INF/catalog.xml	f9f5388b3e834a17676391cda2daba301136986b38abcbb4a8854db6c5413519	383
2026-09-27T14:22:20.666Z	AYKqiKcvBSmi2APuix94	http://regnskaber.virk.dk/61150582/amNsb3VkczovLzAzL2VmL2ZkL2YwLzBkL2YwYTctNDkxNC1iNjdjLTBiOTNiMDVmYmJkNg.zip	5299007OWYZ6I1E46843-2022-06-30-en/META-INF/taxonomyPackage.xml	773bb2b4f6dfa3926716ec7142b07703c6b980f2126aae8145b404eac49e55fd	1402
2026-09-27T14:22:20.666Z	AYCqts3k3KdRBpU1TCbG	http://regnskaber.virk.dk/61150582/amNsb3VkczovLzAzL2IzLzM2LzNhL2E4L2NmM2MtNGI0NS1iZDcwLWYyZjQwMWI4NDMxNw.zip	5299007OWYZ6I1E46843-2022-03-31-en/xbrl.pandoragroup.com/2022-03-31/5299007OWYZ6I1E46843-2022-03-31_def.xml	24424dcb3d6ccb678e55bf53ca5a15851335ffd3d977328f209534fef391549d	71237
2026-09-27T14:22:20.666Z	AYCqts3k3KdRBpU1TCbG	http://regnskaber.virk.dk/61150582/amNsb3VkczovLzAzL2IzLzM2LzNhL2E4L2NmM2MtNGI0NS1iZDcwLWYyZjQwMWI4NDMxNw.zip	5299007OWYZ6I1E46843-2022-03-31-en/xbrl.pandoragroup.com/2022-03-31/5299007OWYZ6I1E46843-2022-03-31_pre.xml	8040580b2bd68c8a7980e83ef57b11d868f3b93feee4aeb210d66a80fa2fc5a5	80198
2026-09-27T14:22:20.666Z	AYCqts3k3KdRBpU1TCbG	http://regnskaber.virk.dk/61150582/amNsb3VkczovLzAzL2IzLzM2LzNhL2E4L2NmM2MtNGI0NS1iZDcwLWYyZjQwMWI4NDMxNw.zip	5299007OWYZ6I1E46843-2022-03-31-en/xbrl.pandoragroup.com/2022-03-31/5299007OWYZ6I1E46843-2022-03-31_cal.xml	a6a2c61493409fb377b80e4a80dbaaacda4b0ce1a7f05076fe36b303e16fcc27	48681
2026-09-27T14:22:20.666Z	AYCqts3k3KdRBpU1TCbG	http://regnskaber.virk.dk/61150582/amNsb3VkczovLzAzL2IzLzM2LzNhL2E4L2NmM2MtNGI0NS1iZDcwLWYyZjQwMWI4NDMxNw.zip	5299007OWYZ6I1E46843-2022-03-31-en/xbrl.pandoragroup.com/2022-03-31/5299007OWYZ6I1E46843-2022-03-31_lab-en.xml	60ae3d4965f3603a297bccf4dfe546af719e99d3b923249f01fee55c6fe0a081	10881
2026-09-27T14:22:20.666Z	AYCqts3k3KdRBpU1TCbG	http://regnskaber.virk.dk/61150582/amNsb3VkczovLzAzL2IzLzM2LzNhL2E4L2NmM2MtNGI0NS1iZDcwLWYyZjQwMWI4NDMxNw.zip	5299007OWYZ6I1E46843-2022-03-31-en/xbrl.pandoragroup.com/2022-03-31/5299007OWYZ6I1E46843-2022-03-31_ref.xml	14359947e68fb7ff5bf6705b791f6f7fbb7eb1eae6dc19b0d78d6e7672e2a5ef	414
2026-09-27T14:22:20.666Z	AYCqts3k3KdRBpU1TCbG	http://regnskaber.virk.dk/61150582/amNsb3VkczovLzAzL2IzLzM2LzNhL2E4L2NmM2MtNGI0NS1iZDcwLWYyZjQwMWI4NDMxNw.zip	5299007OWYZ6I1E46843-2022-03-31-en/xbrl.pandoragroup.com/2022-03-31/5299007OWYZ6I1E46843-2022-03-31.xsd	d0754790f3d1d0ef5b86b8cbe596e4ed7495d521dfa9bf783c366e489156925a	6680
2026-09-27T14:22:20.666Z	AYCqts3k3KdRBpU1TCbG	http://regnskaber.virk.dk/61150582/amNsb3VkczovLzAzL2IzLzM2LzNhL2E4L2NmM2MtNGI0NS1iZDcwLWYyZjQwMWI4NDMxNw.zip	5299007OWYZ6I1E46843-2022-03-31-en/META-INF/catalog.xml	7321139fbdb27d20e33572284c2c608bbd8b88a48ddc5bc05356d750ff5939f6	383
2026-09-27T14:22:20.666Z	AYCqts3k3KdRBpU1TCbG	http://regnskaber.virk.dk/61150582/amNsb3VkczovLzAzL2IzLzM2LzNhL2E4L2NmM2MtNGI0NS1iZDcwLWYyZjQwMWI4NDMxNw.zip	5299007OWYZ6I1E46843-2022-03-31-en/META-INF/taxonomyPackage.xml	d7effba92cdaad689b9d76e48797f50b84ba748fdc29333de89297a921132e17	1402
2026-09-27T14:22:20.666Z	AX-NdKqd3kUDmszFF9dF	http://regnskaber.virk.dk/61150582/amNsb3VkczovLzAzL2IyL2FmL2EwLzEwLzU0OTktNGZmMS1iM2NhLTIwYTFiMTlkYjZkNQ.zip	PAND-2021-12-31/xbrl.pandoragroup.com/2021-12-31/5299007OWYZ6I1E46843-2021-12-31_def.xml	ca02e31b3708a3481bef2f02d79cfd3e93cd5f94d2671ecc79ee6c94c9256208	82300
2026-09-27T14:22:20.666Z	AX-NdKqd3kUDmszFF9dF	http://regnskaber.virk.dk/61150582/amNsb3VkczovLzAzL2IyL2FmL2EwLzEwLzU0OTktNGZmMS1iM2NhLTIwYTFiMTlkYjZkNQ.zip	PAND-2021-12-31/xbrl.pandoragroup.com/2021-12-31/5299007OWYZ6I1E46843-2021-12-31_pre.xml	8ecf0d3f6c351c7911946fbf7b2faf04819500927f8279d202648d9d601e45e5	87636
2026-09-27T14:22:20.666Z	AX-NdKqd3kUDmszFF9dF	http://regnskaber.virk.dk/61150582/amNsb3VkczovLzAzL2IyL2FmL2EwLzEwLzU0OTktNGZmMS1iM2NhLTIwYTFiMTlkYjZkNQ.zip	PAND-2021-12-31/xbrl.pandoragroup.com/2021-12-31/5299007OWYZ6I1E46843-2021-12-31_cal.xml	91573eae1874a98528f7a294a5d357bbb63e3495bc7ddac136992c39e8f48062	53987
2026-09-27T14:22:20.666Z	AX-NdKqd3kUDmszFF9dF	http://regnskaber.virk.dk/61150582/amNsb3VkczovLzAzL2IyL2FmL2EwLzEwLzU0OTktNGZmMS1iM2NhLTIwYTFiMTlkYjZkNQ.zip	PAND-2021-12-31/xbrl.pandoragroup.com/2021-12-31/5299007OWYZ6I1E46843-2021-12-31_lab-en.xml	fa8850f4583ceca07a0aa42b7bd1c82efec72b72b1c3b83494cb185ae91a324a	19601
2026-09-27T14:22:20.666Z	AX-NdKqd3kUDmszFF9dF	http://regnskaber.virk.dk/61150582/amNsb3VkczovLzAzL2IyL2FmL2EwLzEwLzU0OTktNGZmMS1iM2NhLTIwYTFiMTlkYjZkNQ.zip	PAND-2021-12-31/xbrl.pandoragroup.com/2021-12-31/5299007OWYZ6I1E46843-2021-12-31_ref.xml	14359947e68fb7ff5bf6705b791f6f7fbb7eb1eae6dc19b0d78d6e7672e2a5ef	414
2026-09-27T14:22:20.666Z	AX-NdKqd3kUDmszFF9dF	http://regnskaber.virk.dk/61150582/amNsb3VkczovLzAzL2IyL2FmL2EwLzEwLzU0OTktNGZmMS1iM2NhLTIwYTFiMTlkYjZkNQ.zip	PAND-2021-12-31/xbrl.pandoragroup.com/2021-12-31/5299007OWYZ6I1E46843-2021-12-31.xsd	28436f8bb2ec3f1e3ca8cea865f759135b580dd31a86a8f712c8da92b361196d	8393
2026-09-27T14:22:20.666Z	AX-NdKqd3kUDmszFF9dF	http://regnskaber.virk.dk/61150582/amNsb3VkczovLzAzL2IyL2FmL2EwLzEwLzU0OTktNGZmMS1iM2NhLTIwYTFiMTlkYjZkNQ.zip	PAND-2021-12-31/META-INF/catalog.xml	53cc340c828291364527c5d0f848447234981ad40c86bf2c78101e805508a853	383
2026-09-27T14:22:20.666Z	AX-NdKqd3kUDmszFF9dF	http://regnskaber.virk.dk/61150582/amNsb3VkczovLzAzL2IyL2FmL2EwLzEwLzU0OTktNGZmMS1iM2NhLTIwYTFiMTlkYjZkNQ.zip	PAND-2021-12-31/META-INF/taxonomyPackage.xml	5a4f10d89b960e3a37ae42dddf1fe9402b7b06ccdc18b94176f817fe5a3bbae2	1405
2026-09-27T14:22:20.666Z	AX7ee6lR2ta9vXt1LCNn	http://regnskaber.virk.dk/61150582/amNsb3VkczovLzAzL2E3LzFjLzZjLzIyLzQzNTctNGNmZS1hYzMwLTk4NzQ3OTRiYjNlZg.zip	5299007OWYZ6I1E46843-2021-12-31-en/xbrl.pandoragroup.com/2021-12-31/5299007OWYZ6I1E46843-2021-12-31_def.xml	43795a0e780c58a4d7d1be37d1f20ba6b4d96958ef8407106bcb1e6b17bd6866	72657
2026-09-27T14:22:20.666Z	AX7ee6lR2ta9vXt1LCNn	http://regnskaber.virk.dk/61150582/amNsb3VkczovLzAzL2E3LzFjLzZjLzIyLzQzNTctNGNmZS1hYzMwLTk4NzQ3OTRiYjNlZg.zip	5299007OWYZ6I1E46843-2021-12-31-en/xbrl.pandoragroup.com/2021-12-31/5299007OWYZ6I1E46843-2021-12-31_pre.xml	15190226ae09222e5ee6042d0bfb80b9ff121ee0a18552a6f8de3a749f5483c3	83563
2026-09-27T14:22:20.666Z	AX7ee6lR2ta9vXt1LCNn	http://regnskaber.virk.dk/61150582/amNsb3VkczovLzAzL2E3LzFjLzZjLzIyLzQzNTctNGNmZS1hYzMwLTk4NzQ3OTRiYjNlZg.zip	5299007OWYZ6I1E46843-2021-12-31-en/xbrl.pandoragroup.com/2021-12-31/5299007OWYZ6I1E46843-2021-12-31_cal.xml	408b2376d0e73c944b979a40ec30d2489328c1fdf5f728042652c3b08da57b84	49318
2026-09-27T14:22:20.666Z	AX7ee6lR2ta9vXt1LCNn	http://regnskaber.virk.dk/61150582/amNsb3VkczovLzAzL2E3LzFjLzZjLzIyLzQzNTctNGNmZS1hYzMwLTk4NzQ3OTRiYjNlZg.zip	5299007OWYZ6I1E46843-2021-12-31-en/xbrl.pandoragroup.com/2021-12-31/5299007OWYZ6I1E46843-2021-12-31_lab-en.xml	0fc605ac1a5225b266803d30e52b8c1dfc76f7767724f16065f747825c16b571	11759
2026-09-27T14:22:20.666Z	AX7ee6lR2ta9vXt1LCNn	http://regnskaber.virk.dk/61150582/amNsb3VkczovLzAzL2E3LzFjLzZjLzIyLzQzNTctNGNmZS1hYzMwLTk4NzQ3OTRiYjNlZg.zip	5299007OWYZ6I1E46843-2021-12-31-en/xbrl.pandoragroup.com/2021-12-31/5299007OWYZ6I1E46843-2021-12-31_ref.xml	14359947e68fb7ff5bf6705b791f6f7fbb7eb1eae6dc19b0d78d6e7672e2a5ef	414
2026-09-27T14:22:20.666Z	AX7ee6lR2ta9vXt1LCNn	http://regnskaber.virk.dk/61150582/amNsb3VkczovLzAzL2E3LzFjLzZjLzIyLzQzNTctNGNmZS1hYzMwLTk4NzQ3OTRiYjNlZg.zip	5299007OWYZ6I1E46843-2021-12-31-en/xbrl.pandoragroup.com/2021-12-31/5299007OWYZ6I1E46843-2021-12-31.xsd	9f93ce499df58e2aa7e4ef17e40058c757ebe863293375a2911423ae96c1d16e	6401
2026-09-27T14:22:20.666Z	AX7ee6lR2ta9vXt1LCNn	http://regnskaber.virk.dk/61150582/amNsb3VkczovLzAzL2E3LzFjLzZjLzIyLzQzNTctNGNmZS1hYzMwLTk4NzQ3OTRiYjNlZg.zip	5299007OWYZ6I1E46843-2021-12-31-en/META-INF/catalog.xml	53cc340c828291364527c5d0f848447234981ad40c86bf2c78101e805508a853	383
2026-09-27T14:22:20.666Z	AX7ee6lR2ta9vXt1LCNn	http://regnskaber.virk.dk/61150582/amNsb3VkczovLzAzL2E3LzFjLzZjLzIyLzQzNTctNGNmZS1hYzMwLTk4NzQ3OTRiYjNlZg.zip	5299007OWYZ6I1E46843-2021-12-31-en/META-INF/taxonomyPackage.xml	359aaa63ff37338593a793dbb4c4206e059e4c52583f4dcd37a2b9cd6b10f2b2	1402
2026-09-27T14:22:20.666Z	AYu1B5OuKIT2gYQE8t4D	http://regnskaber.virk.dk/61150582/amNsb3VkczovLzAzLzFhL2EwL2U4L2Y0LzJkZGYtNGY4MS04NmNhLTdmNDMxYzEzNDZkMA.zip	5299007OWYZ6I1E46843-2021-09-30-en/xbrl.pandoragroup.com/2021-09-30/5299007OWYZ6I1E46843-2021-09-30_def.xml	f1dab51c73efc157734670311330eabd3f53e5e725d56cd67e477c72a51c0806	67785
2026-09-27T14:22:20.666Z	AYu1B5OuKIT2gYQE8t4D	http://regnskaber.virk.dk/61150582/amNsb3VkczovLzAzLzFhL2EwL2U4L2Y0LzJkZGYtNGY4MS04NmNhLTdmNDMxYzEzNDZkMA.zip	5299007OWYZ6I1E46843-2021-09-30-en/xbrl.pandoragroup.com/2021-09-30/5299007OWYZ6I1E46843-2021-09-30.xsd	1b7a5a0152a0bf9ca46d8fac5264d32380ea6dd5733f606e8365760e4aa8be96	6814
2026-09-27T14:22:20.666Z	AYu1B5OuKIT2gYQE8t4D	http://regnskaber.virk.dk/61150582/amNsb3VkczovLzAzLzFhL2EwL2U4L2Y0LzJkZGYtNGY4MS04NmNhLTdmNDMxYzEzNDZkMA.zip	5299007OWYZ6I1E46843-2021-09-30-en/xbrl.pandoragroup.com/2021-09-30/5299007OWYZ6I1E46843-2021-09-30_pre.xml	4b33e2f2a89cfb66d3ea2e947362b5d4ef1962889316e851daefc7e8a0edef38	77680
2026-09-27T14:22:20.666Z	AYu1B5OuKIT2gYQE8t4D	http://regnskaber.virk.dk/61150582/amNsb3VkczovLzAzLzFhL2EwL2U4L2Y0LzJkZGYtNGY4MS04NmNhLTdmNDMxYzEzNDZkMA.zip	5299007OWYZ6I1E46843-2021-09-30-en/xbrl.pandoragroup.com/2021-09-30/5299007OWYZ6I1E46843-2021-09-30_ref.xml	2eb9ca1435a0cc20bd1ee73b1bf77889db377b2b602767a0b2adb23d0ff4780c	470
2026-09-27T14:22:20.666Z	AYu1B5OuKIT2gYQE8t4D	http://regnskaber.virk.dk/61150582/amNsb3VkczovLzAzLzFhL2EwL2U4L2Y0LzJkZGYtNGY4MS04NmNhLTdmNDMxYzEzNDZkMA.zip	5299007OWYZ6I1E46843-2021-09-30-en/xbrl.pandoragroup.com/2021-09-30/5299007OWYZ6I1E46843-2021-09-30_lab-en.xml	aa58941c7933bd0e186793a8f3a773a0aa24d93cffda516a17d0b32894fb2a8b	13287
2026-09-27T14:22:20.666Z	AYu1B5OuKIT2gYQE8t4D	http://regnskaber.virk.dk/61150582/amNsb3VkczovLzAzLzFhL2EwL2U4L2Y0LzJkZGYtNGY4MS04NmNhLTdmNDMxYzEzNDZkMA.zip	5299007OWYZ6I1E46843-2021-09-30-en/xbrl.pandoragroup.com/2021-09-30/5299007OWYZ6I1E46843-2021-09-30_cal.xml	520858b0d3537658f993a5869b98f6d69690425a5c3b64a9bb31d7394bcf3f5e	49700
2026-09-27T14:22:20.666Z	AYu1B5OuKIT2gYQE8t4D	http://regnskaber.virk.dk/61150582/amNsb3VkczovLzAzLzFhL2EwL2U4L2Y0LzJkZGYtNGY4MS04NmNhLTdmNDMxYzEzNDZkMA.zip	5299007OWYZ6I1E46843-2021-09-30-en/META-INF/catalog.xml	f10c8f63e3ada4ac1b41c33809c1f6458851159ce0d2f13dddd82a0fadda5850	361
2026-09-27T14:22:20.666Z	AYu1B5OuKIT2gYQE8t4D	http://regnskaber.virk.dk/61150582/amNsb3VkczovLzAzLzFhL2EwL2U4L2Y0LzJkZGYtNGY4MS04NmNhLTdmNDMxYzEzNDZkMA.zip	5299007OWYZ6I1E46843-2021-09-30-en/META-INF/taxonomyPackage.xml	259c608c4b08e3b60ac1fc40e134800b2142efc0c8fd36b1992e65f34c1a3147	1401
2026-09-27T14:22:20.666Z	AYu1B5MOcZZ6n_oHAMS6	http://regnskaber.virk.dk/61150582/amNsb3VkczovLzAzLzQ4LzhhLzJmLzkzLzAzNDEtNDhlNC1hZGQzLWJiZWRiNTJmM2UwNg.zip	5299007OWYZ6I1E46843-2021-06-30-en/xbrl.pandoragroup.com/2021-06-30/5299007OWYZ6I1E46843-2021-06-30_def.xml	fa9a4042b5c55cce2433367da16bb44208bea2ed98139cb5284ff644d7b2e0dc	67785
2026-09-27T14:22:20.666Z	AYu1B5MOcZZ6n_oHAMS6	http://regnskaber.virk.dk/61150582/amNsb3VkczovLzAzLzQ4LzhhLzJmLzkzLzAzNDEtNDhlNC1hZGQzLWJiZWRiNTJmM2UwNg.zip	5299007OWYZ6I1E46843-2021-06-30-en/xbrl.pandoragroup.com/2021-06-30/5299007OWYZ6I1E46843-2021-06-30.xsd	c8c0732fc68739aaf65c193ad1ac09d94daf1c3f9e82d97b8535181321460fed	6814
2026-09-27T14:22:20.666Z	AYu1B5MOcZZ6n_oHAMS6	http://regnskaber.virk.dk/61150582/amNsb3VkczovLzAzLzQ4LzhhLzJmLzkzLzAzNDEtNDhlNC1hZGQzLWJiZWRiNTJmM2UwNg.zip	5299007OWYZ6I1E46843-2021-06-30-en/xbrl.pandoragroup.com/2021-06-30/5299007OWYZ6I1E46843-2021-06-30_pre.xml	48470bf107a60684ddb6e5bac593f0c3bf50bc88e7e04e9d592899495e47becb	77677
2026-09-27T14:22:20.666Z	AYu1B5MOcZZ6n_oHAMS6	http://regnskaber.virk.dk/61150582/amNsb3VkczovLzAzLzQ4LzhhLzJmLzkzLzAzNDEtNDhlNC1hZGQzLWJiZWRiNTJmM2UwNg.zip	5299007OWYZ6I1E46843-2021-06-30-en/xbrl.pandoragroup.com/2021-06-30/5299007OWYZ6I1E46843-2021-06-30_ref.xml	2eb9ca1435a0cc20bd1ee73b1bf77889db377b2b602767a0b2adb23d0ff4780c	470
2026-09-27T14:22:20.666Z	AYu1B5MOcZZ6n_oHAMS6	http://regnskaber.virk.dk/61150582/amNsb3VkczovLzAzLzQ4LzhhLzJmLzkzLzAzNDEtNDhlNC1hZGQzLWJiZWRiNTJmM2UwNg.zip	5299007OWYZ6I1E46843-2021-06-30-en/xbrl.pandoragroup.com/2021-06-30/5299007OWYZ6I1E46843-2021-06-30_lab-en.xml	0cf429dcb50c7cbcbf234a29cb1ded446287d4bc677f99f29bbf76ea85d17ab3	13287
2026-09-27T14:22:20.666Z	AYu1B5MOcZZ6n_oHAMS6	http://regnskaber.virk.dk/61150582/amNsb3VkczovLzAzLzQ4LzhhLzJmLzkzLzAzNDEtNDhlNC1hZGQzLWJiZWRiNTJmM2UwNg.zip	5299007OWYZ6I1E46843-2021-06-30-en/xbrl.pandoragroup.com/2021-06-30/5299007OWYZ6I1E46843-2021-06-30_cal.xml	dbc9d6f1342ae5be7c7b8e37b062f60e6c8210da394a64b765d9b8bc5bf4f190	49700
2026-09-27T14:22:20.666Z	AYu1B5MOcZZ6n_oHAMS6	http://regnskaber.virk.dk/61150582/amNsb3VkczovLzAzLzQ4LzhhLzJmLzkzLzAzNDEtNDhlNC1hZGQzLWJiZWRiNTJmM2UwNg.zip	5299007OWYZ6I1E46843-2021-06-30-en/META-INF/catalog.xml	f10c8f63e3ada4ac1b41c33809c1f6458851159ce0d2f13dddd82a0fadda5850	361
2026-09-27T14:22:20.666Z	AYu1B5MOcZZ6n_oHAMS6	http://regnskaber.virk.dk/61150582/amNsb3VkczovLzAzLzQ4LzhhLzJmLzkzLzAzNDEtNDhlNC1hZGQzLWJiZWRiNTJmM2UwNg.zip	5299007OWYZ6I1E46843-2021-06-30-en/META-INF/taxonomyPackage.xml	86dc8ba6bdadb077f6cc55526b32bdfff68f3eb76156c651a89af85b683414c5	1401
2026-09-27T14:22:20.666Z	AXty3gNcGipb8qCxln7w	http://regnskaber.virk.dk/61150582/amNsb3VkczovLzAzL2M3LzY5LzUxL2E0L2Q0MDYtNDQ0Mi04NjFlLWI1OTkwYzhlNDUyYQ.zip	5299007OWYZ6I1E46843-2021-06-30-en/xbrl.pandoragroup.com/2021-06-30/5299007OWYZ6I1E46843-2021-06-30_def.xml	c8550c50e5b27cc3e47e485f3b38ba23200f64ee4b52cfa5552bd480566d5e06	64476
2026-09-27T14:22:20.666Z	AXty3gNcGipb8qCxln7w	http://regnskaber.virk.dk/61150582/amNsb3VkczovLzAzL2M3LzY5LzUxL2E0L2Q0MDYtNDQ0Mi04NjFlLWI1OTkwYzhlNDUyYQ.zip	5299007OWYZ6I1E46843-2021-06-30-en/xbrl.pandoragroup.com/2021-06-30/5299007OWYZ6I1E46843-2021-06-30.xsd	a4d3523e0f4aed34e608cd848928fddb2dc845df80a968dd6a472bb426ea7c33	6814
2026-09-27T14:22:20.666Z	AXty3gNcGipb8qCxln7w	http://regnskaber.virk.dk/61150582/amNsb3VkczovLzAzL2M3LzY5LzUxL2E0L2Q0MDYtNDQ0Mi04NjFlLWI1OTkwYzhlNDUyYQ.zip	5299007OWYZ6I1E46843-2021-06-30-en/xbrl.pandoragroup.com/2021-06-30/5299007OWYZ6I1E46843-2021-06-30_pre.xml	074c22a02298d82550382d0f0dcab8abc88cf1f15e389ad56cc542b7e5c438ec	76063
2026-09-27T14:22:20.666Z	AXty3gNcGipb8qCxln7w	http://regnskaber.virk.dk/61150582/amNsb3VkczovLzAzL2M3LzY5LzUxL2E0L2Q0MDYtNDQ0Mi04NjFlLWI1OTkwYzhlNDUyYQ.zip	5299007OWYZ6I1E46843-2021-06-30-en/xbrl.pandoragroup.com/2021-06-30/5299007OWYZ6I1E46843-2021-06-30_ref.xml	2eb9ca1435a0cc20bd1ee73b1bf77889db377b2b602767a0b2adb23d0ff4780c	470
2026-09-27T14:22:20.666Z	AXty3gNcGipb8qCxln7w	http://regnskaber.virk.dk/61150582/amNsb3VkczovLzAzL2M3LzY5LzUxL2E0L2Q0MDYtNDQ0Mi04NjFlLWI1OTkwYzhlNDUyYQ.zip	5299007OWYZ6I1E46843-2021-06-30-en/xbrl.pandoragroup.com/2021-06-30/5299007OWYZ6I1E46843-2021-06-30_lab-en.xml	197a0ee99bccc03cb16f692881de510e1a572f794956652039ecfb8f59050b0e	8693
2026-09-27T14:22:20.666Z	AXty3gNcGipb8qCxln7w	http://regnskaber.virk.dk/61150582/amNsb3VkczovLzAzL2M3LzY5LzUxL2E0L2Q0MDYtNDQ0Mi04NjFlLWI1OTkwYzhlNDUyYQ.zip	5299007OWYZ6I1E46843-2021-06-30-en/xbrl.pandoragroup.com/2021-06-30/5299007OWYZ6I1E46843-2021-06-30_cal.xml	608dcddee6fa88eaf583eeb67218b0a199a13c87247e3ddc4a84355eff3ed4bf	54420
2026-09-27T14:22:20.666Z	AXty3gNcGipb8qCxln7w	http://regnskaber.virk.dk/61150582/amNsb3VkczovLzAzL2M3LzY5LzUxL2E0L2Q0MDYtNDQ0Mi04NjFlLWI1OTkwYzhlNDUyYQ.zip	5299007OWYZ6I1E46843-2021-06-30-en/META-INF/catalog.xml	f10c8f63e3ada4ac1b41c33809c1f6458851159ce0d2f13dddd82a0fadda5850	361
2026-09-27T14:22:20.666Z	AXty3gNcGipb8qCxln7w	http://regnskaber.virk.dk/61150582/amNsb3VkczovLzAzL2M3LzY5LzUxL2E0L2Q0MDYtNDQ0Mi04NjFlLWI1OTkwYzhlNDUyYQ.zip	5299007OWYZ6I1E46843-2021-06-30-en/META-INF/taxonomyPackage.xml	03d21b1071aa0d29bd32fc7d6b65dbed8845574001056da8b83cda6e4436f13b	1401
2026-09-27T14:22:20.666Z	AXlaVvCAzQm8jUUIO2oW	http://regnskaber.virk.dk/61150582/amNsb3VkczovLzAzL2RlLzczL2VjL2MxLzc2NDEtNDM5Ni1hZDA4LThmMWE4MjY1YThhZg.zip	5299007OWYZ6I1E46843-2021-03-31_en/xbrl.pandoragroup.com/2021-03-31/5299007OWYZ6I1E46843-2021-03-31_def.xml	ed4ffc7d6d33bbe10d001d4fede77980008ed430b577bbdadb8449884459dd4f	65496
2026-09-27T14:22:20.666Z	AXlaVvCAzQm8jUUIO2oW	http://regnskaber.virk.dk/61150582/amNsb3VkczovLzAzL2RlLzczL2VjL2MxLzc2NDEtNDM5Ni1hZDA4LThmMWE4MjY1YThhZg.zip	5299007OWYZ6I1E46843-2021-03-31_en/xbrl.pandoragroup.com/2021-03-31/5299007OWYZ6I1E46843-2021-03-31.xsd	cea566ac5ccbf80fb2bfc24d51cfc3ff2b01308ab46ad748fbb7fc2adbde848e	6651
2026-09-27T14:22:20.666Z	AXlaVvCAzQm8jUUIO2oW	http://regnskaber.virk.dk/61150582/amNsb3VkczovLzAzL2RlLzczL2VjL2MxLzc2NDEtNDM5Ni1hZDA4LThmMWE4MjY1YThhZg.zip	5299007OWYZ6I1E46843-2021-03-31_en/xbrl.pandoragroup.com/2021-03-31/5299007OWYZ6I1E46843-2021-03-31_pre.xml	bbeccf909e1b64b9b86b4ace39dfa4962e93201b0ff260d06cddad6e66b721e9	76602
2026-09-27T14:22:20.666Z	AXlaVvCAzQm8jUUIO2oW	http://regnskaber.virk.dk/61150582/amNsb3VkczovLzAzL2RlLzczL2VjL2MxLzc2NDEtNDM5Ni1hZDA4LThmMWE4MjY1YThhZg.zip	5299007OWYZ6I1E46843-2021-03-31_en/xbrl.pandoragroup.com/2021-03-31/5299007OWYZ6I1E46843-2021-03-31_ref.xml	2eb9ca1435a0cc20bd1ee73b1bf77889db377b2b602767a0b2adb23d0ff4780c	470
2026-09-27T14:22:20.666Z	AXlaVvCAzQm8jUUIO2oW	http://regnskaber.virk.dk/61150582/amNsb3VkczovLzAzL2RlLzczL2VjL2MxLzc2NDEtNDM5Ni1hZDA4LThmMWE4MjY1YThhZg.zip	5299007OWYZ6I1E46843-2021-03-31_en/xbrl.pandoragroup.com/2021-03-31/5299007OWYZ6I1E46843-2021-03-31_lab-en.xml	8a0a1eafb05b0f56277347ecad31011f73bcfb27ecc952964630464ad4ff848d	7187
2026-09-27T14:22:20.666Z	AXlaVvCAzQm8jUUIO2oW	http://regnskaber.virk.dk/61150582/amNsb3VkczovLzAzL2RlLzczL2VjL2MxLzc2NDEtNDM5Ni1hZDA4LThmMWE4MjY1YThhZg.zip	5299007OWYZ6I1E46843-2021-03-31_en/xbrl.pandoragroup.com/2021-03-31/5299007OWYZ6I1E46843-2021-03-31_cal.xml	ac0b8f21d362976e672b5eb6810c97b62dc939a19e7ff1006394bd8389c140b8	53557
2026-09-27T14:22:20.666Z	AXlaVvCAzQm8jUUIO2oW	http://regnskaber.virk.dk/61150582/amNsb3VkczovLzAzL2RlLzczL2VjL2MxLzc2NDEtNDM5Ni1hZDA4LThmMWE4MjY1YThhZg.zip	5299007OWYZ6I1E46843-2021-03-31_en/META-INF/catalog.xml	f10c8f63e3ada4ac1b41c33809c1f6458851159ce0d2f13dddd82a0fadda5850	361
2026-09-27T14:22:20.666Z	AXlaVvCAzQm8jUUIO2oW	http://regnskaber.virk.dk/61150582/amNsb3VkczovLzAzL2RlLzczL2VjL2MxLzc2NDEtNDM5Ni1hZDA4LThmMWE4MjY1YThhZg.zip	5299007OWYZ6I1E46843-2021-03-31_en/META-INF/taxonomyPackage.xml	68e4d0ccc1e2f41ea01e92a6a0de95060821a5487e2f807b51efd062cf0c68d5	1405
2026-09-27T14:22:20.666Z	AYu1B5JVYPDht5tWlW1c	http://regnskaber.virk.dk/61150582/amNsb3VkczovLzAzLzljLzk1LzU0LzZlLzkwMzYtNDM0Yi04NmZjLTNkNjk4OWNkYTRiZA.zip	PAND-2020-12-31/xbrl.pandoragroup.com/taxonomy/2020-12-31/PAND-2020-12-31_def.xml	d5adf136d1f364091954a33bafeaa1dbf5ac8340a8fb2fb31193cc4aa0f709e7	79436
2026-09-27T14:22:20.666Z	AYu1B5JVYPDht5tWlW1c	http://regnskaber.virk.dk/61150582/amNsb3VkczovLzAzLzljLzk1LzU0LzZlLzkwMzYtNDM0Yi04NmZjLTNkNjk4OWNkYTRiZA.zip	PAND-2020-12-31/xbrl.pandoragroup.com/taxonomy/2020-12-31/PAND-2020-12-31.xsd	17ace05293bb938ab7a669828d2740d0d608c5c80cf78f63f3ab1f8eaaeec0bf	9264
2026-09-27T14:22:20.666Z	AYu1B5JVYPDht5tWlW1c	http://regnskaber.virk.dk/61150582/amNsb3VkczovLzAzLzljLzk1LzU0LzZlLzkwMzYtNDM0Yi04NmZjLTNkNjk4OWNkYTRiZA.zip	PAND-2020-12-31/xbrl.pandoragroup.com/taxonomy/2020-12-31/PAND-2020-12-31_pre.xml	98f6ad65b0108d3ecdf5980cdc79b921c1a3fe79acab895c38ce067594f276eb	83247
2026-09-27T14:22:20.666Z	AYu1B5JVYPDht5tWlW1c	http://regnskaber.virk.dk/61150582/amNsb3VkczovLzAzLzljLzk1LzU0LzZlLzkwMzYtNDM0Yi04NmZjLTNkNjk4OWNkYTRiZA.zip	PAND-2020-12-31/xbrl.pandoragroup.com/taxonomy/2020-12-31/PAND-2020-12-31_ref.xml	2eb9ca1435a0cc20bd1ee73b1bf77889db377b2b602767a0b2adb23d0ff4780c	470
2026-09-27T14:22:20.666Z	AYu1B5JVYPDht5tWlW1c	http://regnskaber.virk.dk/61150582/amNsb3VkczovLzAzLzljLzk1LzU0LzZlLzkwMzYtNDM0Yi04NmZjLTNkNjk4OWNkYTRiZA.zip	PAND-2020-12-31/xbrl.pandoragroup.com/taxonomy/2020-12-31/PAND-2020-12-31_lab-en.xml	34baebb3217bdaf67c59a6378ec3f63d0fdd98966a2e6d0034e9cc6deac4d42c	19129
2026-09-27T14:22:20.666Z	AYu1B5JVYPDht5tWlW1c	http://regnskaber.virk.dk/61150582/amNsb3VkczovLzAzLzljLzk1LzU0LzZlLzkwMzYtNDM0Yi04NmZjLTNkNjk4OWNkYTRiZA.zip	PAND-2020-12-31/xbrl.pandoragroup.com/taxonomy/2020-12-31/PAND-2020-12-31_cal.xml	466db15c0764410bb92b6f58ad5ed5326d4148055ceb7b26149ff581703262eb	60341
2026-09-27T14:22:20.666Z	AYu1B5JVYPDht5tWlW1c	http://regnskaber.virk.dk/61150582/amNsb3VkczovLzAzLzljLzk1LzU0LzZlLzkwMzYtNDM0Yi04NmZjLTNkNjk4OWNkYTRiZA.zip	PAND-2020-12-31/META-INF/catalog.xml	f10c8f63e3ada4ac1b41c33809c1f6458851159ce0d2f13dddd82a0fadda5850	361
2026-09-27T14:22:20.666Z	AYu1B5JVYPDht5tWlW1c	http://regnskaber.virk.dk/61150582/amNsb3VkczovLzAzLzljLzk1LzU0LzZlLzkwMzYtNDM0Yi04NmZjLTNkNjk4OWNkYTRiZA.zip	PAND-2020-12-31/META-INF/taxonomyPackage.xml	eaf563fa5853cb33a5fbb4b94e2f732199b959d060a23291e0f363ce3bc7ba03	1362
2026-09-27T14:22:20.666Z	AXWc4LysdiiMwqr8Ddv1	http://regnskaber.virk.dk/61150582/amNsb3VkczovLzAzL2VjLzg2LzlhL2E0LzY0MjEtNGQ0ZC1hMWU2LTdjZGNiN2YzNzQ4YQ.zip	Pand_20201105/Pand_entry_20201105.xsd	b89813ef6450449a846dd8f8e1be274c55ddd16169b5ee031235c598262d4c6d	9417
2026-09-27T14:22:20.666Z	AXWc4LysdiiMwqr8Ddv1	http://regnskaber.virk.dk/61150582/amNsb3VkczovLzAzL2VjLzg2LzlhL2E0LzY0MjEtNGQ0ZC1hMWU2LTdjZGNiN2YzNzQ4YQ.zip	Pand_20201105/Pand_def.xml	006e35a4b5fabb34c85907ecad4b82bdba42f856ec0c8eb7292eb9c41503f1b4	16126
2026-09-27T14:22:20.666Z	AXWc4LysdiiMwqr8Ddv1	http://regnskaber.virk.dk/61150582/amNsb3VkczovLzAzL2VjLzg2LzlhL2E0LzY0MjEtNGQ0ZC1hMWU2LTdjZGNiN2YzNzQ4YQ.zip	Pand_20201105/Pand_pre.xml	206bc14ae035d8cf4797d71d004a1952a45955f0817da57809d1d57f1a9edc66	16044
2026-09-27T14:22:20.666Z	AXWc4LysdiiMwqr8Ddv1	http://regnskaber.virk.dk/61150582/amNsb3VkczovLzAzL2VjLzg2LzlhL2E0LzY0MjEtNGQ0ZC1hMWU2LTdjZGNiN2YzNzQ4YQ.zip	Pand_20201105/Pand_lab.xml	52775fd15c2ee5477ca67b904dda6815905177507e1487512a87ed4fd12ea8c6	21869
2026-09-27T14:22:20.666Z	AXWc4LysdiiMwqr8Ddv1	http://regnskaber.virk.dk/61150582/amNsb3VkczovLzAzL2VjLzg2LzlhL2E0LzY0MjEtNGQ0ZC1hMWU2LTdjZGNiN2YzNzQ4YQ.zip	Pand_20201105/Pand_ref.xml	931d06d447d0717df1c9dc434f5d403cd957535967a30a46791d2a9811c58e2f	585
2026-09-27T14:22:20.666Z	AXQLOiqE8YNiuer9kh9Z	http://regnskaber.virk.dk/61150582/amNsb3VkczovLzAzLzg0LzdiLzU1LzdiLzkwNDktNGI4My04MmRmLWZiNWE4NWI2ODRlYQ.zip	Pand_20200819/Pand_entry_20200819.xsd	ba4c20f82b5f2133cea63f8669e134499a4ec7214fc12ca5e103a73e68938f42	9389
2026-09-27T14:22:20.666Z	AXQLOiqE8YNiuer9kh9Z	http://regnskaber.virk.dk/61150582/amNsb3VkczovLzAzLzg0LzdiLzU1LzdiLzkwNDktNGI4My04MmRmLWZiNWE4NWI2ODRlYQ.zip	Pand_20200819/Pand_def.xml	358a27994add2c644ddc4bb1f1808dcd4c993d0f016281c62c7b5b6d4252a899	13678
2026-09-27T14:22:20.666Z	AXQLOiqE8YNiuer9kh9Z	http://regnskaber.virk.dk/61150582/amNsb3VkczovLzAzLzg0LzdiLzU1LzdiLzkwNDktNGI4My04MmRmLWZiNWE4NWI2ODRlYQ.zip	Pand_20200819/Pand_pre.xml	af8fe68ff73f6de3baea196223a0e7b4b8ffbbfe06f6f8bffc4d76a5e55e5ebc	13596
2026-09-27T14:22:20.666Z	AXQLOiqE8YNiuer9kh9Z	http://regnskaber.virk.dk/61150582/amNsb3VkczovLzAzLzg0LzdiLzU1LzdiLzkwNDktNGI4My04MmRmLWZiNWE4NWI2ODRlYQ.zip	Pand_20200819/Pand_lab.xml	d7902c4ac758c1ec95962c512bb66d242e7cc20ad034dfb3cfd6e57f602c6df4	22653
2026-09-27T14:22:20.666Z	AXQLOiqE8YNiuer9kh9Z	http://regnskaber.virk.dk/61150582/amNsb3VkczovLzAzLzg0LzdiLzU1LzdiLzkwNDktNGI4My04MmRmLWZiNWE4NWI2ODRlYQ.zip	Pand_20200819/Pand_ref.xml	2e07673bcb69d206fb8b44e9bd0dec9fe04a57b728a29e584462c0f8b9e7acbd	585
2026-09-27T14:22:20.666Z	AXIDYIdCRmTAf3I1xN4x	http://regnskaber.virk.dk/61150582/amNsb3VkczovLzAzL2RiLzc3L2RjL2IyLzg2Y2EtNDY5Ny04MDVjLWJjN2EzMTAyYjA0ZA.zip	pand_20200506/pand_entry_20200506.xsd	6f31e50253cc570695c5625bc228278a28c8493ddb35ef8ce5df586f40960f92	9164
2026-09-27T14:22:20.666Z	AXIDYIdCRmTAf3I1xN4x	http://regnskaber.virk.dk/61150582/amNsb3VkczovLzAzL2RiLzc3L2RjL2IyLzg2Y2EtNDY5Ny04MDVjLWJjN2EzMTAyYjA0ZA.zip	pand_20200506/pand_def.xml	5864c9470ddd62107d46391b6218c5073fd216a6c67c3b03d38a2c4fe5a2f93f	13122
2026-09-27T14:22:20.666Z	AXIDYIdCRmTAf3I1xN4x	http://regnskaber.virk.dk/61150582/amNsb3VkczovLzAzL2RiLzc3L2RjL2IyLzg2Y2EtNDY5Ny04MDVjLWJjN2EzMTAyYjA0ZA.zip	pand_20200506/pand_pre.xml	60b0f1ceba1efe235f1487c814296d159de8c5c970defe2658fd755e4275a539	13036
2026-09-27T14:22:20.666Z	AXIDYIdCRmTAf3I1xN4x	http://regnskaber.virk.dk/61150582/amNsb3VkczovLzAzL2RiLzc3L2RjL2IyLzg2Y2EtNDY5Ny04MDVjLWJjN2EzMTAyYjA0ZA.zip	pand_20200506/pand_lab.xml	6fafb38cef187b0ae39e69b3094dec870b64938fa6439259e0c9aaa531f83f69	21251
2026-09-27T14:22:20.666Z	AXIDYIdCRmTAf3I1xN4x	http://regnskaber.virk.dk/61150582/amNsb3VkczovLzAzL2RiLzc3L2RjL2IyLzg2Y2EtNDY5Ny04MDVjLWJjN2EzMTAyYjA0ZA.zip	pand_20200506/pand_ref.xml	922b02b8c06c8a376e77f106acb979bfe338a47146e64cc3356c35035f95f829	585
2026-09-27T14:22:20.666Z	AXDT4GDR4u4Ncx07PoJZ	http://regnskaber.virk.dk/61150582/amNsb3VkczovLzAzLzQxLzkzL2FiLzAyLzcwNzAtNGM1Zi1iNjYyLTcwYjRjOTZhZDE2MQ.zip	Pand_20200313/Pand_entry_20200313.xsd	61f2f1db80f6df1f490b4b4e85ebff3922630e01583e39239d777b3c3efc3167	10395
2026-09-27T14:22:20.666Z	AXDT4GDR4u4Ncx07PoJZ	http://regnskaber.virk.dk/61150582/amNsb3VkczovLzAzLzQxLzkzL2FiLzAyLzcwNzAtNGM1Zi1iNjYyLTcwYjRjOTZhZDE2MQ.zip	Pand_20200313/Pand_def.xml	ea604651dcd6583f05154a50b6bb1f126f16b650746942cddcda6622101af15f	16811
2026-09-27T14:22:20.666Z	AXDT4GDR4u4Ncx07PoJZ	http://regnskaber.virk.dk/61150582/amNsb3VkczovLzAzLzQxLzkzL2FiLzAyLzcwNzAtNGM1Zi1iNjYyLTcwYjRjOTZhZDE2MQ.zip	Pand_20200313/Pand_pre.xml	822653381fc427acf7a8bcdd8b912fd0be910548646fe470330267edcc630daa	16745
2026-09-27T14:22:20.666Z	AXDT4GDR4u4Ncx07PoJZ	http://regnskaber.virk.dk/61150582/amNsb3VkczovLzAzLzQxLzkzL2FiLzAyLzcwNzAtNGM1Zi1iNjYyLTcwYjRjOTZhZDE2MQ.zip	Pand_20200313/Pand_lab.xml	a92b2b771ae2edf9825034a016b14ec5f9ef7b464112e43bc3a03f0cfbca2e83	29331
2026-09-27T14:22:20.666Z	AXDT4GDR4u4Ncx07PoJZ	http://regnskaber.virk.dk/61150582/amNsb3VkczovLzAzLzQxLzkzL2FiLzAyLzcwNzAtNGM1Zi1iNjYyLTcwYjRjOTZhZDE2MQ.zip	Pand_20200313/Pand_ref.xml	9dfd3fbba8033f8e844475596441aa248f78666399bfdaf68b024648ec921ecc	585
2026-09-27T14:22:20.666Z	AW5F9Ph7IXJRhhXBPSRs	http://regnskaber.virk.dk/61150582/ZG9rdW1lbnRsYWdlcjovLzAzLzZhLzdjLzEzL2RlL2M5MGMtNGM4Ni04YjgzLTZiOGNiOTI3NGQxZQ.zip	pand_20191106/pand_entry_20191106.xsd	1b92197e0eb913207d8f6b7bc804f35940cfcd6222267a4302c9bcc05cf15299	8970
2026-09-27T14:22:20.666Z	AW5F9Ph7IXJRhhXBPSRs	http://regnskaber.virk.dk/61150582/ZG9rdW1lbnRsYWdlcjovLzAzLzZhLzdjLzEzL2RlL2M5MGMtNGM4Ni04YjgzLTZiOGNiOTI3NGQxZQ.zip	pand_20191106/pand_def.xml	63cdab412768ab6c3311a1366974909c1986e7091e61e72a380260982cf9e45e	13566
2026-09-27T14:22:20.666Z	AW5F9Ph7IXJRhhXBPSRs	http://regnskaber.virk.dk/61150582/ZG9rdW1lbnRsYWdlcjovLzAzLzZhLzdjLzEzL2RlL2M5MGMtNGM4Ni04YjgzLTZiOGNiOTI3NGQxZQ.zip	pand_20191106/pand_pre.xml	1b3ebecf59b6990d5876208094a50cfe5d9ad2c64a54af4667a65a4e4ab31f2f	13484
2026-09-27T14:22:20.666Z	AW5F9Ph7IXJRhhXBPSRs	http://regnskaber.virk.dk/61150582/ZG9rdW1lbnRsYWdlcjovLzAzLzZhLzdjLzEzL2RlL2M5MGMtNGM4Ni04YjgzLTZiOGNiOTI3NGQxZQ.zip	pand_20191106/pand_lab.xml	637eff7c94a8a4f23e6bdcfb5852ca715b82a3d026c0df60a38bed9d6932e198	21159
2026-09-27T14:22:20.666Z	AW5F9Ph7IXJRhhXBPSRs	http://regnskaber.virk.dk/61150582/ZG9rdW1lbnRsYWdlcjovLzAzLzZhLzdjLzEzL2RlL2M5MGMtNGM4Ni04YjgzLTZiOGNiOTI3NGQxZQ.zip	pand_20191106/pand_ref.xml	40a9cfddfe54e75e5f79eeb0f4b021b3dacc24de2583511da60ae4206e186ba2	584
2026-09-27T14:22:20.666Z	AWyzIMw0IXJRhhXBM9_T	http://regnskaber.virk.dk/61150582/ZG9rdW1lbnRsYWdlcjovLzAzLzVkLzViLzc1L2UzL2ZmZGMtNGZkZS04NzMzLWE5ZDgwODY0ZGJlZQ.zip	pand_20190820/pand_entry_20190820.xsd	9272884a95f3bf32f0a892b6368161e5c6c65c8fcd46fc8bbb607a0322ad083d	8970
2026-09-27T14:22:20.666Z	AWyzIMw0IXJRhhXBM9_T	http://regnskaber.virk.dk/61150582/ZG9rdW1lbnRsYWdlcjovLzAzLzVkLzViLzc1L2UzL2ZmZGMtNGZkZS04NzMzLWE5ZDgwODY0ZGJlZQ.zip	pand_20190820/pand_def.xml	2fd32deb61cd001940f15ab3b436f1a5d93cfa8463975d6fac9af31785a2aa7e	13566
2026-09-27T14:22:20.666Z	AWyzIMw0IXJRhhXBM9_T	http://regnskaber.virk.dk/61150582/ZG9rdW1lbnRsYWdlcjovLzAzLzVkLzViLzc1L2UzL2ZmZGMtNGZkZS04NzMzLWE5ZDgwODY0ZGJlZQ.zip	pand_20190820/pand_pre.xml	7832506fb0c9b983ff7287d84a20113dfbf71cb5a9feb317efd47fd1b814464c	13484
2026-09-27T14:22:20.666Z	AWyzIMw0IXJRhhXBM9_T	http://regnskaber.virk.dk/61150582/ZG9rdW1lbnRsYWdlcjovLzAzLzVkLzViLzc1L2UzL2ZmZGMtNGZkZS04NzMzLWE5ZDgwODY0ZGJlZQ.zip	pand_20190820/pand_lab.xml	771b591333bb49106110685d46a54e7d0dccda972dfc5e2ca1f77e17bd80f217	21159
2026-09-27T14:22:20.666Z	AWyzIMw0IXJRhhXBM9_T	http://regnskaber.virk.dk/61150582/ZG9rdW1lbnRsYWdlcjovLzAzLzVkLzViLzc1L2UzL2ZmZGMtNGZkZS04NzMzLWE5ZDgwODY0ZGJlZQ.zip	pand_20190820/pand_ref.xml	24db65aed255799cb4e8213287470fcdcf4d12e3184485144d47ed1c7e2a2634	584
2026-09-27T14:22:20.666Z	AWqbpDIQRYGX6_YTHh91	http://regnskaber.virk.dk/61150582/ZG9rdW1lbnRsYWdlcjovLzAzLzExLzlkLzViLzE2Lzc0MzgtNGVlZi1hMjI0LWI2ZDJlOTVlZmQ0YQ.zip	PAND_20190509/PAND_entry_20190509.xsd	3c46d42889df47b1f34b6b98b234e5f353d5f08e4c69facf2fbdffad39166982	8970
2026-09-27T14:22:20.666Z	AWqbpDIQRYGX6_YTHh91	http://regnskaber.virk.dk/61150582/ZG9rdW1lbnRsYWdlcjovLzAzLzExLzlkLzViLzE2Lzc0MzgtNGVlZi1hMjI0LWI2ZDJlOTVlZmQ0YQ.zip	PAND_20190509/PAND_def.xml	138f48717380b5752df45ad45112b776e29590b12d87f21d87489d1736efa87d	13566
2026-09-27T14:22:20.666Z	AWqbpDIQRYGX6_YTHh91	http://regnskaber.virk.dk/61150582/ZG9rdW1lbnRsYWdlcjovLzAzLzExLzlkLzViLzE2Lzc0MzgtNGVlZi1hMjI0LWI2ZDJlOTVlZmQ0YQ.zip	PAND_20190509/PAND_pre.xml	5d2f9e9d59b329629ca5f7d95822c3d0d63da1b51074d4336a1d078cae714214	13484
2026-09-27T14:22:20.666Z	AWqbpDIQRYGX6_YTHh91	http://regnskaber.virk.dk/61150582/ZG9rdW1lbnRsYWdlcjovLzAzLzExLzlkLzViLzE2Lzc0MzgtNGVlZi1hMjI0LWI2ZDJlOTVlZmQ0YQ.zip	PAND_20190509/PAND_lab.xml	28ee2fc06275bf5ad2aa53fb380f86062573f347ae7038fa53af60389ba5f35a	21159
2026-09-27T14:22:20.666Z	AWqbpDIQRYGX6_YTHh91	http://regnskaber.virk.dk/61150582/ZG9rdW1lbnRsYWdlcjovLzAzLzExLzlkLzViLzE2Lzc0MzgtNGVlZi1hMjI0LWI2ZDJlOTVlZmQ0YQ.zip	PAND_20190509/PAND_ref.xml	28b0428e5017f8ce2107bd4b31d0914bd88639fafaa21dcadbfad6280d6d0321	584
2026-09-27T14:22:20.666Z	AWmljOuRRYGX6_YTGIaY	http://regnskaber.virk.dk/61150582/ZG9rdW1lbnRsYWdlcjovLzAzLzBmLzQ4LzRkL2M0LzU1NjUtNDFjMy1iNDEyLTEwYjIxZTI5NDBiYQ.zip	PAND_20190321/PAND_entry_20190321.xsd	a29fbd3511860244178fc3eec7684429795db27a75cf0e00863562ec16bcce19	8583
2026-09-27T14:22:20.666Z	AWmljOuRRYGX6_YTGIaY	http://regnskaber.virk.dk/61150582/ZG9rdW1lbnRsYWdlcjovLzAzLzBmLzQ4LzRkL2M0LzU1NjUtNDFjMy1iNDEyLTEwYjIxZTI5NDBiYQ.zip	PAND_20190321/PAND_def.xml	4ea3d1216f2cb79e6f0f8d435ccb6ff1e2fa9a3ba2aa013993f9392ac08848af	12316
2026-09-27T14:22:20.666Z	AWmljOuRRYGX6_YTGIaY	http://regnskaber.virk.dk/61150582/ZG9rdW1lbnRsYWdlcjovLzAzLzBmLzQ4LzRkL2M0LzU1NjUtNDFjMy1iNDEyLTEwYjIxZTI5NDBiYQ.zip	PAND_20190321/PAND_pre.xml	1878fc7f5f3b4c7098935d113e260ce9dbd2a6681fbab65d9798fb97eb7ecaef	12226
2026-09-27T14:22:20.666Z	AWmljOuRRYGX6_YTGIaY	http://regnskaber.virk.dk/61150582/ZG9rdW1lbnRsYWdlcjovLzAzLzBmLzQ4LzRkL2M0LzU1NjUtNDFjMy1iNDEyLTEwYjIxZTI5NDBiYQ.zip	PAND_20190321/PAND_lab.xml	1b54de7664e7076f4c54f8d703ec5d050321dcb95c43e9c0f3d434187a3b5980	18989
2026-09-27T14:22:20.666Z	AWmljOuRRYGX6_YTGIaY	http://regnskaber.virk.dk/61150582/ZG9rdW1lbnRsYWdlcjovLzAzLzBmLzQ4LzRkL2M0LzU1NjUtNDFjMy1iNDEyLTEwYjIxZTI5NDBiYQ.zip	PAND_20190321/PAND_ref.xml	a42c6d8dbd40446af894d52b94d901b7769f97658d168c0020ecbedac3818a21	584
2026-09-27T14:22:20.666Z	AWmlgtY8RYGX6_YTGIZD	http://regnskaber.virk.dk/61150582/ZG9rdW1lbnRsYWdlcjovLzAzL2Y0LzAxLzc2L2VmLzZlZWYtNDE2OS04ZTg3LTIwZTk3MDc5MzZmZQ.zip	PANQ_20190321/PANQ_entry_20190321.xsd	315b883557c090bfc0916924fa1d3b6dac1b13fcc969ec2d63bc708affa66760	8378
2026-09-27T14:22:20.666Z	AWmlgtY8RYGX6_YTGIZD	http://regnskaber.virk.dk/61150582/ZG9rdW1lbnRsYWdlcjovLzAzL2Y0LzAxLzc2L2VmLzZlZWYtNDE2OS04ZTg3LTIwZTk3MDc5MzZmZQ.zip	PANQ_20190321/PANQ_def.xml	5c9cce868dd7df06ae7bd0d6343c11af3f44b9d1988616559349b81c7f3624fa	11851
2026-09-27T14:22:20.666Z	AWmlgtY8RYGX6_YTGIZD	http://regnskaber.virk.dk/61150582/ZG9rdW1lbnRsYWdlcjovLzAzL2Y0LzAxLzc2L2VmLzZlZWYtNDE2OS04ZTg3LTIwZTk3MDc5MzZmZQ.zip	PANQ_20190321/PANQ_pre.xml	5b01ebc99a58ed00560ae30b7f888282bf3d8d4b8bd0e7a8c7be23bf8a5f5539	11757
2026-09-27T14:22:20.666Z	AWmlgtY8RYGX6_YTGIZD	http://regnskaber.virk.dk/61150582/ZG9rdW1lbnRsYWdlcjovLzAzL2Y0LzAxLzc2L2VmLzZlZWYtNDE2OS04ZTg3LTIwZTk3MDc5MzZmZQ.zip	PANQ_20190321/PANQ_lab.xml	4d3310dbc65c2eb57b0188b96f0d38b317d4bcbef94e16a7954e97bd82b87b3f	17698
2026-09-27T14:22:20.666Z	AWmlgtY8RYGX6_YTGIZD	http://regnskaber.virk.dk/61150582/ZG9rdW1lbnRsYWdlcjovLzAzL2Y0LzAxLzc2L2VmLzZlZWYtNDE2OS04ZTg3LTIwZTk3MDc5MzZmZQ.zip	PANQ_20190321/PANQ_ref.xml	395ec96711a5dbb5b9b938c9839d1cd77d2f2f7ba1d8842d9e6c6e955fb28ab6	584
2026-09-27T14:22:20.666Z	AWcHKUew5OzuYdPkGJ77	http://regnskaber.virk.dk/61150582/ZG9rdW1lbnRsYWdlcjovLzAzL2FlLzIxLzVjLzgwLzJjMmItNGY5My05YzA5LWUyNzI5OWNjODFmNA.zip	PAND_20181112/PAND_entry_20181112.xsd	13914e718b85be0d2d5958757162b5e61ff1a15c398f88bb629bff745d012556	8378
2026-09-27T14:22:20.666Z	AWcHKUew5OzuYdPkGJ77	http://regnskaber.virk.dk/61150582/ZG9rdW1lbnRsYWdlcjovLzAzL2FlLzIxLzVjLzgwLzJjMmItNGY5My05YzA5LWUyNzI5OWNjODFmNA.zip	PAND_20181112/PAND_def.xml	6e96bda9578bb7a3b7cf37cdffd69db26bdcfd55effae51be792653a3fbb7fa2	11851
2026-09-27T14:22:20.666Z	AWcHKUew5OzuYdPkGJ77	http://regnskaber.virk.dk/61150582/ZG9rdW1lbnRsYWdlcjovLzAzL2FlLzIxLzVjLzgwLzJjMmItNGY5My05YzA5LWUyNzI5OWNjODFmNA.zip	PAND_20181112/PAND_pre.xml	fe3f96225f4aaa3db8288b12f08b2a9590396bd2b1c851e4811b8d8d4cf00e15	11757
2026-09-27T14:22:20.666Z	AWcHKUew5OzuYdPkGJ77	http://regnskaber.virk.dk/61150582/ZG9rdW1lbnRsYWdlcjovLzAzL2FlLzIxLzVjLzgwLzJjMmItNGY5My05YzA5LWUyNzI5OWNjODFmNA.zip	PAND_20181112/PAND_lab.xml	8d29f2f2a5391d5d9bdfae13783917f2bf700497f91bf24a504783911bdc4c43	17698
2026-09-27T14:22:20.666Z	AWcHKUew5OzuYdPkGJ77	http://regnskaber.virk.dk/61150582/ZG9rdW1lbnRsYWdlcjovLzAzL2FlLzIxLzVjLzgwLzJjMmItNGY5My05YzA5LWUyNzI5OWNjODFmNA.zip	PAND_20181112/PAND_ref.xml	fa55d097b4f021a1ef994366d5df993f23e368e233d46709553facac960280f0	584
2026-09-27T14:22:20.666Z	AWUyGQ55KQjPMJ1Humgd	http://regnskaber.virk.dk/61150582/ZG9rdW1lbnRsYWdlcjovLzAzLzYwL2ZmL2JmL2ZjLzQ3OTEtNDUzZC04MDU4LWU1ZDI1ZGQzMzg5Yg.zip	PANQ_20180813/PANQ_entry_20180813.xsd	354d096389cc98baf5f2bdfd478362277d2dd114fe8a306f2f2d7dc4e8088a10	8378
2026-09-27T14:22:20.666Z	AWUyGQ55KQjPMJ1Humgd	http://regnskaber.virk.dk/61150582/ZG9rdW1lbnRsYWdlcjovLzAzLzYwL2ZmL2JmL2ZjLzQ3OTEtNDUzZC04MDU4LWU1ZDI1ZGQzMzg5Yg.zip	PANQ_20180813/PANQ_def.xml	160ade11853dd77ad6eca94010d34e9f9f7ff4b3c465720a356b72edb24f128d	11851
2026-09-27T14:22:20.666Z	AWUyGQ55KQjPMJ1Humgd	http://regnskaber.virk.dk/61150582/ZG9rdW1lbnRsYWdlcjovLzAzLzYwL2ZmL2JmL2ZjLzQ3OTEtNDUzZC04MDU4LWU1ZDI1ZGQzMzg5Yg.zip	PANQ_20180813/PANQ_pre.xml	468b7cede06443b7f1773b733deab687a6c5f9f5c5c974e6f0693f63d38bf820	11757
2026-09-27T14:22:20.666Z	AWUyGQ55KQjPMJ1Humgd	http://regnskaber.virk.dk/61150582/ZG9rdW1lbnRsYWdlcjovLzAzLzYwL2ZmL2JmL2ZjLzQ3OTEtNDUzZC04MDU4LWU1ZDI1ZGQzMzg5Yg.zip	PANQ_20180813/PANQ_lab.xml	e8cab4326103c9f61d675ca63e0e15da45036cddd56c796e7567ce60317f055b	17698
2026-09-27T14:22:20.666Z	AWUyGQ55KQjPMJ1Humgd	http://regnskaber.virk.dk/61150582/ZG9rdW1lbnRsYWdlcjovLzAzLzYwL2ZmL2JmL2ZjLzQ3OTEtNDUzZC04MDU4LWU1ZDI1ZGQzMzg5Yg.zip	PANQ_20180813/PANQ_ref.xml	9749d5515b674f279784e5285b83f3b103e576516a9d0c4db0648c16173e567e	584
2026-09-27T14:22:20.666Z	AWNtjoILx8uVRSOdgl1f	http://regnskaber.virk.dk/61150582/ZG9rdW1lbnRsYWdlcjovLzAzLzVmLzhlLzgyLzU1L2VkOWMtNDBiNS05YzczLTU0MjIyMDYyYjI0MQ.zip	PAND_20180517/PAND_entry_20180517.xsd	abc904c31bc22d54fd14b5a5faaad0a1294717b1ae5ce446dff933159bf333cf	8383
2026-09-27T14:22:20.666Z	AWNtjoILx8uVRSOdgl1f	http://regnskaber.virk.dk/61150582/ZG9rdW1lbnRsYWdlcjovLzAzLzVmLzhlLzgyLzU1L2VkOWMtNDBiNS05YzczLTU0MjIyMDYyYjI0MQ.zip	PAND_20180517/PAND_def.xml	78374e0d8993e686f1a008710514cc6d1cb51f1cc9aff989aa94fc65fc748c28	12074
2026-09-27T14:22:20.666Z	AWNtjoILx8uVRSOdgl1f	http://regnskaber.virk.dk/61150582/ZG9rdW1lbnRsYWdlcjovLzAzLzVmLzhlLzgyLzU1L2VkOWMtNDBiNS05YzczLTU0MjIyMDYyYjI0MQ.zip	PAND_20180517/PAND_pre.xml	5449d3abaeb69d7ba915e29ca7e3d173d8692b4c100ee46f9f8640cc051a326f	11980
2026-09-27T14:22:20.666Z	AWNtjoILx8uVRSOdgl1f	http://regnskaber.virk.dk/61150582/ZG9rdW1lbnRsYWdlcjovLzAzLzVmLzhlLzgyLzU1L2VkOWMtNDBiNS05YzczLTU0MjIyMDYyYjI0MQ.zip	PAND_20180517/PAND_lab.xml	ff1ac57702c53d1869fc6064a75254c9b77be95c9e2f8dd92eb79935ba6abb50	17750
2026-09-27T14:22:20.666Z	AWNtjoILx8uVRSOdgl1f	http://regnskaber.virk.dk/61150582/ZG9rdW1lbnRsYWdlcjovLzAzLzVmLzhlLzgyLzU1L2VkOWMtNDBiNS05YzczLTU0MjIyMDYyYjI0MQ.zip	PAND_20180517/PAND_ref.xml	e4b9af7e343a9fe92277aba8e4a393fadfdf6e103bf22de687ffca209e5046e7	584
2026-09-27T14:22:20.666Z	822cccfe069305b55837	http://regnskaber.virk.dk/61150582/ZG9rdW1lbnRsYWdlcjovLzAzLzAyL2FmL2FmL2VjLzZjOWUtNDM2ZS04YzE0LTA3MDRhMWZlNWU2NA.zip	PanQ_20180214/PanQ_entry_20180214.xsd	1960a43f16289c233ad4839d757a4f3ef09540ab0b1297bdd32e42743317a697	7993
2026-09-27T14:22:20.666Z	822cccfe069305b55837	http://regnskaber.virk.dk/61150582/ZG9rdW1lbnRsYWdlcjovLzAzLzAyL2FmL2FmL2VjLzZjOWUtNDM2ZS04YzE0LTA3MDRhMWZlNWU2NA.zip	PanQ_20180214/PanQ_def.xml	62c671b83860965b4ecb2035ca7c5684462f9a83f2929e17ae81b2dd6899aa5e	10939
2026-09-27T14:22:20.666Z	822cccfe069305b55837	http://regnskaber.virk.dk/61150582/ZG9rdW1lbnRsYWdlcjovLzAzLzAyL2FmL2FmL2VjLzZjOWUtNDM2ZS04YzE0LTA3MDRhMWZlNWU2NA.zip	PanQ_20180214/PanQ_pre.xml	042988a93ab06b1ac5e3b6e12017cf17bfea16638ca19a95a5b5f520f02c7feb	10837
2026-09-27T14:22:20.666Z	822cccfe069305b55837	http://regnskaber.virk.dk/61150582/ZG9rdW1lbnRsYWdlcjovLzAzLzAyL2FmL2FmL2VjLzZjOWUtNDM2ZS04YzE0LTA3MDRhMWZlNWU2NA.zip	PanQ_20180214/PanQ_lab.xml	7eef7bf55b8af401ac856871f601db9d225b1d141ac072f3766fe36bf160bbe3	15625
2026-09-27T14:22:20.666Z	822cccfe069305b55837	http://regnskaber.virk.dk/61150582/ZG9rdW1lbnRsYWdlcjovLzAzLzAyL2FmL2FmL2VjLzZjOWUtNDM2ZS04YzE0LTA3MDRhMWZlNWU2NA.zip	PanQ_20180214/PanQ_ref.xml	06df9bb279cbe30c2e079c580a777d493d629f19741021c33ac5265ce75ffa35	584
2026-09-27T14:22:20.666Z	da1bba87588279b0aaf8	http://regnskaber.virk.dk/61150582/ZG9rdW1lbnRsYWdlcjovLzAzLzUzLzNiL2FjLzc2L2E3MzUtNDQ3Ny1hMmQxLTY5YzBhMjcwMDhkMQ.zip	pand_20180315/pand_entry_20180315.xsd	a86e20f407ab02b1658f409f7de0ecab6bbd852f3d911d79aec53910c3997a74	8187
2026-09-27T14:22:20.666Z	da1bba87588279b0aaf8	http://regnskaber.virk.dk/61150582/ZG9rdW1lbnRsYWdlcjovLzAzLzUzLzNiL2FjLzc2L2E3MzUtNDQ3Ny1hMmQxLTY5YzBhMjcwMDhkMQ.zip	pand_20180315/pand_def.xml	1b66fc5758611aaa508de1e8dbd347497c5182d85a7d70a082520b79ef75b5d1	11409
2026-09-27T14:22:20.666Z	da1bba87588279b0aaf8	http://regnskaber.virk.dk/61150582/ZG9rdW1lbnRsYWdlcjovLzAzLzUzLzNiL2FjLzc2L2E3MzUtNDQ3Ny1hMmQxLTY5YzBhMjcwMDhkMQ.zip	pand_20180315/pand_pre.xml	7165599fbca89253a7769831154afdbde89f9d8eb574e4abc82f49720c5057f0	11311
2026-09-27T14:22:20.666Z	da1bba87588279b0aaf8	http://regnskaber.virk.dk/61150582/ZG9rdW1lbnRsYWdlcjovLzAzLzUzLzNiL2FjLzc2L2E3MzUtNDQ3Ny1hMmQxLTY5YzBhMjcwMDhkMQ.zip	pand_20180315/pand_lab.xml	f5ac29493a707001634a479e501cf246028ec4dc213c590966b436e0402ce392	16707
2026-09-27T14:22:20.666Z	da1bba87588279b0aaf8	http://regnskaber.virk.dk/61150582/ZG9rdW1lbnRsYWdlcjovLzAzLzUzLzNiL2FjLzc2L2E3MzUtNDQ3Ny1hMmQxLTY5YzBhMjcwMDhkMQ.zip	pand_20180315/pand_ref.xml	dd1c59c7885f8ad01545c3609368cd17c35c071239cade96f24c5d7a1f352c85	584
2026-09-27T14:22:20.666Z	f9f33555bef42e2e9876	http://regnskaber.virk.dk/61150582/ZG9rdW1lbnRsYWdlcjovLzAzLzE1LzhlLzE4LzgzL2RiNDItNGI0MC04YzlhLWI0YTY0NWQ0YWVkYw.zip	pand_20171110/pand_entry_20171110.xsd	29729cf89e65667b26873a390c9c951a288fcda2bc3e334704e2107ad060d427	7796
2026-09-27T14:22:20.666Z	f9f33555bef42e2e9876	http://regnskaber.virk.dk/61150582/ZG9rdW1lbnRsYWdlcjovLzAzLzE1LzhlLzE4LzgzL2RiNDItNGI0MC04YzlhLWI0YTY0NWQ0YWVkYw.zip	pand_20171110/pand_def.xml	c83fad323070f11bcc438b605c7ce6eeec24c31e22e915de7acecbbd2acde521	10500
2026-09-27T14:22:20.666Z	f9f33555bef42e2e9876	http://regnskaber.virk.dk/61150582/ZG9rdW1lbnRsYWdlcjovLzAzLzE1LzhlLzE4LzgzL2RiNDItNGI0MC04YzlhLWI0YTY0NWQ0YWVkYw.zip	pand_20171110/pand_pre.xml	2031c3317c09494ea96f145061400173bc0cc0e700b4c63d317fecf3099e4cfb	10394
2026-09-27T14:22:20.666Z	f9f33555bef42e2e9876	http://regnskaber.virk.dk/61150582/ZG9rdW1lbnRsYWdlcjovLzAzLzE1LzhlLzE4LzgzL2RiNDItNGI0MC04YzlhLWI0YTY0NWQ0YWVkYw.zip	pand_20171110/pand_lab.xml	ec69a119bb4554f5ad798d02f6436bf039187db46ed6e2025989668240a07dc7	14418
2026-09-27T14:22:20.666Z	f9f33555bef42e2e9876	http://regnskaber.virk.dk/61150582/ZG9rdW1lbnRsYWdlcjovLzAzLzE1LzhlLzE4LzgzL2RiNDItNGI0MC04YzlhLWI0YTY0NWQ0YWVkYw.zip	pand_20171110/pand_ref.xml	b1f41f3cdb384207190aeb553c45cc00540fe8cc689c8caa915e17046f0e0532	584
2026-09-27T14:22:20.666Z	a8c72ddc3456d83e5ef3	http://regnskaber.virk.dk/61150582/ZG9rdW1lbnRsYWdlcjovLzAzLzEwL2JiLzJiL2Q4LzExODUtNDY2Yy1iOTRlLWFkNGVmMTczN2RhZA.zip	Pand_20170818/Pand_entry_20170818.xsd	bd8ac48e3e275cd5d5116625dc2c0eb6d334b5463f571c66733d650ac662c14c	7792
2026-09-27T14:22:20.666Z	a8c72ddc3456d83e5ef3	http://regnskaber.virk.dk/61150582/ZG9rdW1lbnRsYWdlcjovLzAzLzEwL2JiLzJiL2Q4LzExODUtNDY2Yy1iOTRlLWFkNGVmMTczN2RhZA.zip	Pand_20170818/Pand_def.xml	a50353204a8283dfbc9d201682b73f55431e61e8a4e96c0647aac09255b7ea8a	10491
2026-09-27T14:22:20.666Z	a8c72ddc3456d83e5ef3	http://regnskaber.virk.dk/61150582/ZG9rdW1lbnRsYWdlcjovLzAzLzEwL2JiLzJiL2Q4LzExODUtNDY2Yy1iOTRlLWFkNGVmMTczN2RhZA.zip	Pand_20170818/Pand_pre.xml	2b269c55520a649d6ea8f51f46f26e2e0362b3d734a04e29c1234f78be3acb0f	10385
2026-09-27T14:22:20.666Z	a8c72ddc3456d83e5ef3	http://regnskaber.virk.dk/61150582/ZG9rdW1lbnRsYWdlcjovLzAzLzEwL2JiLzJiL2Q4LzExODUtNDY2Yy1iOTRlLWFkNGVmMTczN2RhZA.zip	Pand_20170818/Pand_lab.xml	44157332b608725b41eb69bff1ca3d40ee5d692e539775c7c354dccacc79b54a	14330
2026-09-27T14:22:20.666Z	a8c72ddc3456d83e5ef3	http://regnskaber.virk.dk/61150582/ZG9rdW1lbnRsYWdlcjovLzAzLzEwL2JiLzJiL2Q4LzExODUtNDY2Yy1iOTRlLWFkNGVmMTczN2RhZA.zip	Pand_20170818/Pand_ref.xml	5796382ee09aaa13cbad12442644fa64d3f7e01bdc0000a69e7c920d7cbd2274	584
2026-09-27T14:22:20.666Z	a60b1e50e85ee9e6a406	http://regnskaber.virk.dk/61150582/ZG9rdW1lbnRsYWdlcjovLzAzL2JlL2NlLzQ0LzM2LzRhNGMtNDE3NC04ZGQ5LWY3ODNhMGNkMWM3Yg.zip	pand_20170510/pand_entry_20170510.xsd	be4b061c25fedc2588ed7d55a0d559e01d9c9314bd3e5d739448a9a953c2a2f0	7792
2026-09-27T14:22:20.666Z	a60b1e50e85ee9e6a406	http://regnskaber.virk.dk/61150582/ZG9rdW1lbnRsYWdlcjovLzAzL2JlL2NlLzQ0LzM2LzRhNGMtNDE3NC04ZGQ5LWY3ODNhMGNkMWM3Yg.zip	pand_20170510/pand_def.xml	b1255d100c32fcceb2faf524ec32b9c83696fc955936f59ccd6c2e6bde386e87	10491
2026-09-27T14:22:20.666Z	a60b1e50e85ee9e6a406	http://regnskaber.virk.dk/61150582/ZG9rdW1lbnRsYWdlcjovLzAzL2JlL2NlLzQ0LzM2LzRhNGMtNDE3NC04ZGQ5LWY3ODNhMGNkMWM3Yg.zip	pand_20170510/pand_pre.xml	7bb950e09a9dc2c4698211ae8c5066a8184dd299fa0eb686ad176948d9dd0172	10385
2026-09-27T14:22:20.666Z	a60b1e50e85ee9e6a406	http://regnskaber.virk.dk/61150582/ZG9rdW1lbnRsYWdlcjovLzAzL2JlL2NlLzQ0LzM2LzRhNGMtNDE3NC04ZGQ5LWY3ODNhMGNkMWM3Yg.zip	pand_20170510/pand_lab.xml	ad3c100ccf12df3c5e53443b667ea7af5144002b18806e54775e08787c3ed93d	14330
2026-09-27T14:22:20.666Z	a60b1e50e85ee9e6a406	http://regnskaber.virk.dk/61150582/ZG9rdW1lbnRsYWdlcjovLzAzL2JlL2NlLzQ0LzM2LzRhNGMtNDE3NC04ZGQ5LWY3ODNhMGNkMWM3Yg.zip	pand_20170510/pand_ref.xml	c0246cefdd3520c3d73711f00c990c602dcedfa023f89b9169507ec047242534	584
2026-09-27T14:22:20.666Z	9bfaa39a06ffedf9ff7a	http://regnskaber.virk.dk/61150582/ZG9rdW1lbnRsYWdlcjovLzAzLzRkLzAxLzFmLzAxLzFiNDEtNDJjYS1hZmJhLWVhMTUzOGRkZmU2YQ.zip	Pand_20170301/Pand_entry_20170301.xsd	cff0de0f7a4cbfbf0b9bd6adb3487d2b67b9d023ad3e77bd55f7c91c978213c9	7796
2026-09-27T14:22:20.666Z	9bfaa39a06ffedf9ff7a	http://regnskaber.virk.dk/61150582/ZG9rdW1lbnRsYWdlcjovLzAzLzRkLzAxLzFmLzAxLzFiNDEtNDJjYS1hZmJhLWVhMTUzOGRkZmU2YQ.zip	Pand_20170301/Pand_def.xml	5b375534eec5a0182a433547c8085fe9fadd85421e9a36e1a77b4060f4ee6bc9	10500
2026-09-27T14:22:20.666Z	9bfaa39a06ffedf9ff7a	http://regnskaber.virk.dk/61150582/ZG9rdW1lbnRsYWdlcjovLzAzLzRkLzAxLzFmLzAxLzFiNDEtNDJjYS1hZmJhLWVhMTUzOGRkZmU2YQ.zip	Pand_20170301/Pand_pre.xml	f09f7302cb30a5c8428b2a0d7efe868647a29b870bf5d11d4e1f12c9a5acdbb9	10394
2026-09-27T14:22:20.666Z	9bfaa39a06ffedf9ff7a	http://regnskaber.virk.dk/61150582/ZG9rdW1lbnRsYWdlcjovLzAzLzRkLzAxLzFmLzAxLzFiNDEtNDJjYS1hZmJhLWVhMTUzOGRkZmU2YQ.zip	Pand_20170301/Pand_lab.xml	49af324a91c330bc2fb9497e7761ccb11d273133a3b49e99e10d512cee8cbd93	14398
2026-09-27T14:22:20.666Z	9bfaa39a06ffedf9ff7a	http://regnskaber.virk.dk/61150582/ZG9rdW1lbnRsYWdlcjovLzAzLzRkLzAxLzFmLzAxLzFiNDEtNDJjYS1hZmJhLWVhMTUzOGRkZmU2YQ.zip	Pand_20170301/Pand_ref.xml	87ce6dfcaa27db28a836afe7fc69ed98e128dd1e60116caaa576f871d4925c27	584
2026-09-27T14:22:20.666Z	2435f11d2b8b801d7061	http://regnskaber.virk.dk/61150582/ZG9rdW1lbnRsYWdlcjovLzAzL2EyLzQ2LzI3L2Q3LzgzMjMtNDMwYy04YzU0LTZjYTg4YzM4NDVkYQ.zip	Pand_20170317/Pand_entry_20170317.xsd	635b3f62155bb8579b99f13b14a52dac5f4cda2a008c69393dcd816d36ca4210	8188
2026-09-27T14:22:20.666Z	2435f11d2b8b801d7061	http://regnskaber.virk.dk/61150582/ZG9rdW1lbnRsYWdlcjovLzAzL2EyLzQ2LzI3L2Q3LzgzMjMtNDMwYy04YzU0LTZjYTg4YzM4NDVkYQ.zip	Pand_20170317/Pand_def.xml	2343d1c48595c6d7f35542cf8b1409bf59de15d17cf53ef9ec4ec9b3b4e31cb6	11210
2026-09-27T14:22:20.666Z	2435f11d2b8b801d7061	http://regnskaber.virk.dk/61150582/ZG9rdW1lbnRsYWdlcjovLzAzL2EyLzQ2LzI3L2Q3LzgzMjMtNDMwYy04YzU0LTZjYTg4YzM4NDVkYQ.zip	Pand_20170317/Pand_pre.xml	15503a0557cd05e4324288e84c127a4c12b15042ca2fbf9a282d0e940de7a753	11112
2026-09-27T14:22:20.666Z	2435f11d2b8b801d7061	http://regnskaber.virk.dk/61150582/ZG9rdW1lbnRsYWdlcjovLzAzL2EyLzQ2LzI3L2Q3LzgzMjMtNDMwYy04YzU0LTZjYTg4YzM4NDVkYQ.zip	Pand_20170317/Pand_lab.xml	7fe4a7614b6ca44ea131264cac00bfcff114997ada449eb2d77a2fcc03fe153a	16602
2026-09-27T14:22:20.666Z	2435f11d2b8b801d7061	http://regnskaber.virk.dk/61150582/ZG9rdW1lbnRsYWdlcjovLzAzL2EyLzQ2LzI3L2Q3LzgzMjMtNDMwYy04YzU0LTZjYTg4YzM4NDVkYQ.zip	Pand_20170317/Pand_ref.xml	d5fe1c1973eeb5a30437134261120981b7f5f5c20d4d3cdd2956f05071c0a546	584
2026-09-27T14:22:20.666Z	95641161fd98d07d1a5c	http://regnskaber.virk.dk/61150582/ZG9rdW1lbnRsYWdlcjovLzAzL2IwL2Q4L2Y3L2VkLzJkN2YtNGJlZC1iMDRkLTYyZDcxNTk5NWY5MA.zip	Pand_20161109/Pand_entry_20161109.xsd	94abe2286e761703a070001054f72bdf6502d95376e618a5d15a8cd0a635592f	7990
2026-09-27T14:22:20.666Z	95641161fd98d07d1a5c	http://regnskaber.virk.dk/61150582/ZG9rdW1lbnRsYWdlcjovLzAzL2IwL2Q4L2Y3L2VkLzJkN2YtNGJlZC1iMDRkLTYyZDcxNTk5NWY5MA.zip	Pand_20161109/Pand_def.xml	a27b1b96239a76a0656376bda03e69477026d31671096123b0bb5e74843c7817	10975
2026-09-27T14:22:20.666Z	95641161fd98d07d1a5c	http://regnskaber.virk.dk/61150582/ZG9rdW1lbnRsYWdlcjovLzAzL2IwL2Q4L2Y3L2VkLzJkN2YtNGJlZC1iMDRkLTYyZDcxNTk5NWY5MA.zip	Pand_20161109/Pand_pre.xml	f343cd4dfc91e3c942548e5726f5bb5b1f5581fb4e4ebed21b3e10849f4991a0	10873
2026-09-27T14:22:20.666Z	95641161fd98d07d1a5c	http://regnskaber.virk.dk/61150582/ZG9rdW1lbnRsYWdlcjovLzAzL2IwL2Q4L2Y3L2VkLzJkN2YtNGJlZC1iMDRkLTYyZDcxNTk5NWY5MA.zip	Pand_20161109/Pand_lab.xml	7d24465a7120aea277b5569623f4be21d72325562416d5ac56e7cf8eb8b9f678	15529
2026-09-27T14:22:20.666Z	95641161fd98d07d1a5c	http://regnskaber.virk.dk/61150582/ZG9rdW1lbnRsYWdlcjovLzAzL2IwL2Q4L2Y3L2VkLzJkN2YtNGJlZC1iMDRkLTYyZDcxNTk5NWY5MA.zip	Pand_20161109/Pand_ref.xml	33ae1ba152caadb7268a1f00bd6dabb5286c869629ae6664dcdecd232605649d	584
2026-09-27T14:22:20.666Z	be6b1995c0916a177aae	http://regnskaber.virk.dk/61150582/ZG9rdW1lbnRsYWdlcjovLzAzL2E2L2NmLzRhLzc5L2YxNWMtNDVlNC04N2MzLTQ3OWMzZjRkYzg4Mg.zip	Pand_20160810/Pand_entry_20160810.xsd	0dca84ecfbbd8ab9f4cf5524d492d38d6830601674e9e4455c1fe39f199e5b69	7792
2026-09-27T14:22:20.666Z	be6b1995c0916a177aae	http://regnskaber.virk.dk/61150582/ZG9rdW1lbnRsYWdlcjovLzAzL2E2L2NmLzRhLzc5L2YxNWMtNDVlNC04N2MzLTQ3OWMzZjRkYzg4Mg.zip	Pand_20160810/Pand_def.xml	88462f8370df2c74adeaeaeab9c9e0cdaf14f06d8df80ed3bdb1f59b15e25627	10289
2026-09-27T14:22:20.666Z	be6b1995c0916a177aae	http://regnskaber.virk.dk/61150582/ZG9rdW1lbnRsYWdlcjovLzAzL2E2L2NmLzRhLzc5L2YxNWMtNDVlNC04N2MzLTQ3OWMzZjRkYzg4Mg.zip	Pand_20160810/Pand_pre.xml	d386a180cd7a09a7cafdb8e5acf20b421c62e2e39684e5d3672b04154f468c2a	10183
2026-09-27T14:22:20.666Z	be6b1995c0916a177aae	http://regnskaber.virk.dk/61150582/ZG9rdW1lbnRsYWdlcjovLzAzL2E2L2NmLzRhLzc5L2YxNWMtNDVlNC04N2MzLTQ3OWMzZjRkYzg4Mg.zip	Pand_20160810/Pand_lab.xml	0ad83b3144ef5b6e22d8596f384c91e5560e00fd5bbdbd5ea954e96686afa6f6	14290
2026-09-27T14:22:20.666Z	be6b1995c0916a177aae	http://regnskaber.virk.dk/61150582/ZG9rdW1lbnRsYWdlcjovLzAzL2E2L2NmLzRhLzc5L2YxNWMtNDVlNC04N2MzLTQ3OWMzZjRkYzg4Mg.zip	Pand_20160810/Pand_ref.xml	f9dbe3fee20122737508db0064d30f6cc80996c8ba59321a23759574f3f42590	584
2026-09-27T14:22:20.666Z	13b3118d486347a0e877	http://regnskaber.virk.dk/61150582/ZG9rdW1lbnRsYWdlcjovLzAzL2VjL2E3L2YwL2RmLzUzYzQtNGY4MC1hYjM2LTAxZjIzYzY2YmM4Zg.zip	pand_20160511/pand_entry_20160511.xsd	99a9dbbf99656b292fc9451bee8cf32c3a37878c8a28e3b1f7a1aff3722e3406	7598
2026-09-27T14:22:20.666Z	13b3118d486347a0e877	http://regnskaber.virk.dk/61150582/ZG9rdW1lbnRsYWdlcjovLzAzL2VjL2E3L2YwL2RmLzUzYzQtNGY4MC1hYjM2LTAxZjIzYzY2YmM4Zg.zip	pand_20160511/pand_def.xml	de5459b00275410215c33ba9248da31649b926cadba5e6750d764367aa6a026c	9814
2026-09-27T14:22:20.666Z	13b3118d486347a0e877	http://regnskaber.virk.dk/61150582/ZG9rdW1lbnRsYWdlcjovLzAzL2VjL2E3L2YwL2RmLzUzYzQtNGY4MC1hYjM2LTAxZjIzYzY2YmM4Zg.zip	pand_20160511/pand_pre.xml	02184401a8b86a8f3cd12e92cde1006e3eb19527527fbea24a9a6ea4b9baef17	9704
2026-09-27T14:22:20.666Z	13b3118d486347a0e877	http://regnskaber.virk.dk/61150582/ZG9rdW1lbnRsYWdlcjovLzAzL2VjL2E3L2YwL2RmLzUzYzQtNGY4MC1hYjM2LTAxZjIzYzY2YmM4Zg.zip	pand_20160511/pand_lab.xml	7834c8a76d6b8519be4682898979834f4ccaed4cfc5bdc010ac67b9ce9ff7902	13165
2026-09-27T14:22:20.666Z	13b3118d486347a0e877	http://regnskaber.virk.dk/61150582/ZG9rdW1lbnRsYWdlcjovLzAzL2VjL2E3L2YwL2RmLzUzYzQtNGY4MC1hYjM2LTAxZjIzYzY2YmM4Zg.zip	pand_20160511/pand_ref.xml	2e9f69d52aa6d92ea6d1b92307575712dbf9be8e61c0f635859ded669d83bc69	584
2026-09-27T14:22:20.666Z	9790ec77f08959113de7	http://regnskaber.virk.dk/61150582/ZG9rdW1lbnRsYWdlcjovLzAzL2JhLzE4LzdjLzI0LzVmNWYtNDIwMC1iMzY3LWUzZWJkOTk2ZjRmMQ.zip	pful_20160329/pful_entry_20160329.xsd	d7fedfdc2d0c4e9008651b1dcc6ff94e3ed41d437cad779ad25e112d88c43a16	7988
2026-09-27T14:22:20.666Z	9790ec77f08959113de7	http://regnskaber.virk.dk/61150582/ZG9rdW1lbnRsYWdlcjovLzAzL2JhLzE4LzdjLzI0LzVmNWYtNDIwMC1iMzY3LWUzZWJkOTk2ZjRmMQ.zip	pful_20160329/pful_def.xml	8d31ba61578f5939ec89a71bd041f6ebd3115da50dc8f10eb381ab92de1f58ba	10926
2026-09-27T14:22:20.666Z	9790ec77f08959113de7	http://regnskaber.virk.dk/61150582/ZG9rdW1lbnRsYWdlcjovLzAzL2JhLzE4LzdjLzI0LzVmNWYtNDIwMC1iMzY3LWUzZWJkOTk2ZjRmMQ.zip	pful_20160329/pful_pre.xml	1a0662f19e58fe3f7cf904e80dac9d13378175213c6cd573b269814273272655	10824
2026-09-27T14:22:20.666Z	9790ec77f08959113de7	http://regnskaber.virk.dk/61150582/ZG9rdW1lbnRsYWdlcjovLzAzL2JhLzE4LzdjLzI0LzVmNWYtNDIwMC1iMzY3LWUzZWJkOTk2ZjRmMQ.zip	pful_20160329/pful_lab.xml	eb389fc7676f265ab86711130f8258507e076b779534fafee5a47f76f5c3a1b2	15402
2026-09-27T14:22:20.666Z	9790ec77f08959113de7	http://regnskaber.virk.dk/61150582/ZG9rdW1lbnRsYWdlcjovLzAzL2JhLzE4LzdjLzI0LzVmNWYtNDIwMC1iMzY3LWUzZWJkOTk2ZjRmMQ.zip	pful_20160329/pful_ref.xml	b4a2875dc211af7ab76d7df5533748500b298046223a471cbc32b86d926d9a14	584
2026-09-27T14:22:20.666Z	d4d5e60eacc50f8ce1f2	http://regnskaber.virk.dk/61150582/ZG9rdW1lbnRsYWdlcjovLzAzL2ExL2FhLzJlLzViLzY2NDMtNDVlMC05NzdkLTczMWZhNzQxZmY2Mg.zip	pand_20160329/pand_entry_20160329.xsd	eb2d9b6da947f1f03a562d413a67925d3b41f0a947d06e43f00ce27070381303	7598
2026-09-27T14:22:20.666Z	d4d5e60eacc50f8ce1f2	http://regnskaber.virk.dk/61150582/ZG9rdW1lbnRsYWdlcjovLzAzL2ExL2FhLzJlLzViLzY2NDMtNDVlMC05NzdkLTczMWZhNzQxZmY2Mg.zip	pand_20160329/pand_def.xml	01304c5ee85a2f57a4819761aa3e7d7ad34d8653f913f984c1fbf1a48bd11bae	9814
2026-09-27T14:22:20.666Z	d4d5e60eacc50f8ce1f2	http://regnskaber.virk.dk/61150582/ZG9rdW1lbnRsYWdlcjovLzAzL2ExL2FhLzJlLzViLzY2NDMtNDVlMC05NzdkLTczMWZhNzQxZmY2Mg.zip	pand_20160329/pand_pre.xml	25733637a7bd5519ba3f771e43af6d8bf1fd5127260bf877545dd12f22cce9ea	9704
2026-09-27T14:22:20.666Z	d4d5e60eacc50f8ce1f2	http://regnskaber.virk.dk/61150582/ZG9rdW1lbnRsYWdlcjovLzAzL2ExL2FhLzJlLzViLzY2NDMtNDVlMC05NzdkLTczMWZhNzQxZmY2Mg.zip	pand_20160329/pand_lab.xml	1105983fb65183eae7b332ebcbb20565de1b7b851340763b61fcae9dea29ff25	13165
2026-09-27T14:22:20.666Z	d4d5e60eacc50f8ce1f2	http://regnskaber.virk.dk/61150582/ZG9rdW1lbnRsYWdlcjovLzAzL2ExL2FhLzJlLzViLzY2NDMtNDVlMC05NzdkLTczMWZhNzQxZmY2Mg.zip	pand_20160329/pand_ref.xml	e24f299d1b866187ab7a8e9ea8adaad727a983388c7693f5ada37f710d104b86	584
2026-09-27T14:22:20.666Z	AZWTpTT0FEh_XCMONjHy	http://regnskaber.virk.dk/61150582/ZG9rdW1lbnRsYWdlcjovLzAzLzk0LzAwLzAxLzBjLzVkMzItNGFhOC04OGE4LWFjNjBmY2U4NjRjZA.zip	pand_20151112/pand_entry_20151112.xsd	a69d4b71c71d8d262b06a3f609acf41da180700952445cde3e21c559fc997ec2	7594
2026-09-27T14:22:20.666Z	AZWTpTT0FEh_XCMONjHy	http://regnskaber.virk.dk/61150582/ZG9rdW1lbnRsYWdlcjovLzAzLzk0LzAwLzAxLzBjLzVkMzItNGFhOC04OGE4LWFjNjBmY2U4NjRjZA.zip	pand_20151112/pand_def.xml	4095ea1abb0a926ea5ac07dda974be573d02c869f06cc1e5dafdfbc2ba9d0eb1	8710
2026-09-27T14:22:20.666Z	AZWTpTT0FEh_XCMONjHy	http://regnskaber.virk.dk/61150582/ZG9rdW1lbnRsYWdlcjovLzAzLzk0LzAwLzAxLzBjLzVkMzItNGFhOC04OGE4LWFjNjBmY2U4NjRjZA.zip	pand_20151112/pand_pre.xml	bdd9df895d9fda5060b88a2c55c6ad96f3a0db2e000a833e31c98d6256fe09c6	8596
2026-09-27T14:22:20.666Z	AZWTpTT0FEh_XCMONjHy	http://regnskaber.virk.dk/61150582/ZG9rdW1lbnRsYWdlcjovLzAzLzk0LzAwLzAxLzBjLzVkMzItNGFhOC04OGE4LWFjNjBmY2U4NjRjZA.zip	pand_20151112/pand_lab.xml	86c573e93f927bdffda8deac4a5fa168c5a50936d5529282d57fc0af9c6b79dd	13126
2026-09-27T14:22:20.666Z	AZWTpTT0FEh_XCMONjHy	http://regnskaber.virk.dk/61150582/ZG9rdW1lbnRsYWdlcjovLzAzLzk0LzAwLzAxLzBjLzVkMzItNGFhOC04OGE4LWFjNjBmY2U4NjRjZA.zip	pand_20151112/pand_ref.xml	d1b1d204b2b5f25cc4f7237beeb5dce7597544403f56d479902ed88f0fed5faf	584
2026-09-27T14:22:20.666Z	AZWToOatYqbxeU-5SXK7	http://regnskaber.virk.dk/61150582/ZG9rdW1lbnRsYWdlcjovLzAzL2JlLzI2Lzk5LzU1L2Q2MzktNDcxMi1iOGRhLTQ0ZWE5OWRmNTBjZQ.zip	pand_20150820/pand_entry_20150820.xsd	5b3dbfa2f40f95e8c2b113aeb1dcd8f07f7f69b9ab8dc197431067ad6676d825	7594
2026-09-27T14:22:20.666Z	AZWToOatYqbxeU-5SXK7	http://regnskaber.virk.dk/61150582/ZG9rdW1lbnRsYWdlcjovLzAzL2JlLzI2Lzk5LzU1L2Q2MzktNDcxMi1iOGRhLTQ0ZWE5OWRmNTBjZQ.zip	pand_20150820/pand_def.xml	65761cdc762d46c26923f9c92c8545bd3ec87dc98a22d6c734cffd83a38bedf9	8710
2026-09-27T14:22:20.666Z	AZWToOatYqbxeU-5SXK7	http://regnskaber.virk.dk/61150582/ZG9rdW1lbnRsYWdlcjovLzAzL2JlLzI2Lzk5LzU1L2Q2MzktNDcxMi1iOGRhLTQ0ZWE5OWRmNTBjZQ.zip	pand_20150820/pand_pre.xml	318d7b09e0a988efe3dd2350eaad5f266d539488e49b134f4b230c8c1b344ad4	8596
2026-09-27T14:22:20.666Z	AZWToOatYqbxeU-5SXK7	http://regnskaber.virk.dk/61150582/ZG9rdW1lbnRsYWdlcjovLzAzL2JlLzI2Lzk5LzU1L2Q2MzktNDcxMi1iOGRhLTQ0ZWE5OWRmNTBjZQ.zip	pand_20150820/pand_lab.xml	64bf89c64eab54b2522f50283c0456e6ef8452be44b8d94d0430ccb1f65fe7c8	13126
2026-09-27T14:22:20.666Z	AZWToOatYqbxeU-5SXK7	http://regnskaber.virk.dk/61150582/ZG9rdW1lbnRsYWdlcjovLzAzL2JlLzI2Lzk5LzU1L2Q2MzktNDcxMi1iOGRhLTQ0ZWE5OWRmNTBjZQ.zip	pand_20150820/pand_ref.xml	cfe2b7fed999170c2846c96aa0460821736e69cde77605473e820b4bd7ab1ca7	584
2026-09-27T14:22:20.666Z	AZWTjtiHYqbxeU-5SOET	http://regnskaber.virk.dk/61150582/ZG9rdW1lbnRsYWdlcjovLzAzLzUzLzgzL2NlL2RkLzI0ZGMtNGNjYi04ZTAyLTEwNDNhZDhhODNkYw.zip	pand_20150513/pand_entry_20150513.xsd	266b0b11fdc75bd89c7dc1d9bad866a1042119ace4c30b7eabfca67956c66058	14840
2026-09-27T14:22:20.666Z	AZWTjtiHYqbxeU-5SOET	http://regnskaber.virk.dk/61150582/ZG9rdW1lbnRsYWdlcjovLzAzLzUzLzgzL2NlL2RkLzI0ZGMtNGNjYi04ZTAyLTEwNDNhZDhhODNkYw.zip	pand_20150513/pand_def.xml	9c8a26dfd4d32bd415b6f2a4eb2dbc151f56f82328e25206512540ab87b967ab	37592
2026-09-27T14:22:20.666Z	AZWTjtiHYqbxeU-5SOET	http://regnskaber.virk.dk/61150582/ZG9rdW1lbnRsYWdlcjovLzAzLzUzLzgzL2NlL2RkLzI0ZGMtNGNjYi04ZTAyLTEwNDNhZDhhODNkYw.zip	pand_20150513/pand_pre.xml	bdff55875307705cac0cbeac5cff1a8c7946e3b31023b72a1d76546f17ebfb31	37630
2026-09-27T14:22:20.666Z	AZWTjtiHYqbxeU-5SOET	http://regnskaber.virk.dk/61150582/ZG9rdW1lbnRsYWdlcjovLzAzLzUzLzgzL2NlL2RkLzI0ZGMtNGNjYi04ZTAyLTEwNDNhZDhhODNkYw.zip	pand_20150513/pand_lab.xml	d721b508d9963be5462e6adaeaf8876545db16ff6b305052f6a50a539dce204b	55326
2026-09-27T14:22:20.666Z	AZWTjtiHYqbxeU-5SOET	http://regnskaber.virk.dk/61150582/ZG9rdW1lbnRsYWdlcjovLzAzLzUzLzgzL2NlL2RkLzI0ZGMtNGNjYi04ZTAyLTEwNDNhZDhhODNkYw.zip	pand_20150513/pand_ref.xml	7fa64cbcf4556adb9534b65567be698cb91e555f6374a50ef759c66f440a2a84	584
2026-10-10T09:31:15.350Z	AaEgo1fzntWaBrQWlY_0	http://regnskaber.virk.dk/61150582/amNsb3VkczovLzAzL2Q4LzMwL2I1LzNmL2U4YTQtNDViMC05NTQ3LTMxMTk5YWRkZDliYw.zip	PAND-2026-06-30-en/xbrl.pandoragroup.com/2026-06-30/PAND-2026-06-30_cal.xml	f43b3bc4fcfe3e7c6389119c0c120285ca32df4bea2cbae98ee6ec9106671a08	54552
2026-10-10T09:31:15.350Z	AaEgo1fzntWaBrQWlY_0	http://regnskaber.virk.dk/61150582/amNsb3VkczovLzAzL2Q4LzMwL2I1LzNmL2U4YTQtNDViMC05NTQ3LTMxMTk5YWRkZDliYw.zip	PAND-2026-06-30-en/xbrl.pandoragroup.com/2026-06-30/PAND-2026-06-30_def.xml	3b435289900c8dceb4452b36d261bf7c7f60222228ea1f0589f01abf7001d338	77805
2026-10-10T09:31:15.350Z	AaEgo1fzntWaBrQWlY_0	http://regnskaber.virk.dk/61150582/amNsb3VkczovLzAzL2Q4LzMwL2I1LzNmL2U4YTQtNDViMC05NTQ3LTMxMTk5YWRkZDliYw.zip	PAND-2026-06-30-en/xbrl.pandoragroup.com/2026-06-30/PAND-2026-06-30_pre.xml	5a8de0fa056d5b698c45f12106c527ac19c9152edbd4f81fa5e61042a3b1a94c	89146
2026-10-10T09:31:15.350Z	AaEgo1fzntWaBrQWlY_0	http://regnskaber.virk.dk/61150582/amNsb3VkczovLzAzL2Q4LzMwL2I1LzNmL2U4YTQtNDViMC05NTQ3LTMxMTk5YWRkZDliYw.zip	PAND-2026-06-30-en/xbrl.pandoragroup.com/2026-06-30/PAND-2026-06-30_lab-en.xml	fbcf0b509e1eb4a66539b0c47238c2e109305bbf0fa5e2cd899eb74ac70e7f0e	17582
2026-10-10T09:31:15.350Z	AaEgo1fzntWaBrQWlY_0	http://regnskaber.virk.dk/61150582/amNsb3VkczovLzAzL2Q4LzMwL2I1LzNmL2U4YTQtNDViMC05NTQ3LTMxMTk5YWRkZDliYw.zip	PAND-2026-06-30-en/xbrl.pandoragroup.com/2026-06-30/PAND-2026-06-30_ref.xml	14359947e68fb7ff5bf6705b791f6f7fbb7eb1eae6dc19b0d78d6e7672e2a5ef	414
2026-10-10T09:31:15.350Z	AaEgo1fzntWaBrQWlY_0	http://regnskaber.virk.dk/61150582/amNsb3VkczovLzAzL2Q4LzMwL2I1LzNmL2U4YTQtNDViMC05NTQ3LTMxMTk5YWRkZDliYw.zip	PAND-2026-06-30-en/xbrl.pandoragroup.com/2026-06-30/PAND-2026-06-30.xsd	607b9a648b7a4ad432ca5c2cbab48d7b658a882360567f2a88a853ecae01c90d	7393
2026-10-10T09:31:15.350Z	AaEgo1fzntWaBrQWlY_0	http://regnskaber.virk.dk/61150582/amNsb3VkczovLzAzL2Q4LzMwL2I1LzNmL2U4YTQtNDViMC05NTQ3LTMxMTk5YWRkZDliYw.zip	PAND-2026-06-30-en/META-INF/catalog.xml	d9082e459f8f264a2dce5f4275b4cde2e54dccf60d5976d5cd27963f6a4474c5	383
2026-10-10T09:31:15.350Z	AaEgo1fzntWaBrQWlY_0	http://regnskaber.virk.dk/61150582/amNsb3VkczovLzAzL2Q4LzMwL2I1LzNmL2U4YTQtNDViMC05NTQ3LTMxMTk5YWRkZDliYw.zip	PAND-2026-06-30-en/META-INF/taxonomyPackage.xml	c874f20ebd02d48d453522942c3594b4df56a10b571d482db3aab740301c2a36	1322
